,tl_x,tl_y,br_x,br_y,type,side,step,time
0,6.00,412.00,11.00,417.00,2,0,0,0.25
1,0.08,138.00,11.74,140.09,1,0,0,0.244
2,17.03,396.43,28.48,398.18,1,0,0,0.2
3,164.55,3.52,170.49,14.00,1,0,0,0.623
4,52.83,372.41,55.99,374.03,0,1,0,0.056
5,154.22,276.62,157.35,278.15,0,0,0,0.053
6,15.68,287.28,18.82,288.88,0,0,0,0.055
7,111.61,228.75,114.74,230.34,0,0,0,0.054
8,42.30,132.90,45.54,134.50,0,0,0,0.057
9,132.84,84.90,136.01,86.43,0,0,0,0.053
10,100.81,5.06,103.99,6.61,0,0,0,0.054
11,68.86,399.11,72.02,400.76,0,0,0,0.057
12,116.85,239.41,120.07,240.94,0,0,0,0.054
13,100.79,100.81,104.01,102.50,0,0,0,0.06
14,15.57,345.93,18.81,347.48,0,0,0,0.055
15,95.59,260.57,98.86,262.25,0,0,0,0.06
16,132.75,90.25,135.88,91.92,0,1,0,0.057
17,116.90,223.44,120.15,225.13,0,0,0,0.06
18,74.32,10.35,77.60,11.86,0,0,0,0.054
19,116.76,228.74,119.99,230.36,0,1,0,0.057
20,15.70,180.78,18.94,182.39,0,0,0,0.057
21,95.62,132.75,98.80,134.26,0,0,0,0.052
22,122.10,329.83,125.21,331.52,0,0,0,0.058
23,52.98,217.98,56.16,219.50,0,0,1,0.053
24,148.84,170.20,151.99,171.81,0,0,0,0.055
25,52.90,186.08,56.01,187.78,0,0,1,0.058
26,42.35,159.51,45.53,161.06,0,0,1,0.054
27,111.50,409.75,114.78,411.27,0,0,0,0.054
28,4.94,127.46,8.18,129.00,0,0,0,0.055
29,95.45,143.47,98.72,145.15,0,0,0,0.06
30,106.14,122.16,109.29,123.76,0,0,0,0.055
31,175.35,170.17,178.64,171.82,0,0,0,0.059
32,79.57,244.63,82.74,246.20,0,0,1,0.055
33,159.50,191.35,162.75,193.02,0,0,0,0.059
34,84.85,207.47,88.04,209.08,0,0,0,0.056
35,154.06,15.60,157.19,17.19,0,0,0,0.054
36,90.30,90.16,93.44,91.76,0,1,0,0.055
37,148.79,175.45,152.00,177.11,0,0,0,0.058
38,84.94,170.20,88.18,171.79,0,0,0,0.056
39,159.38,212.73,162.61,214.29,0,0,0,0.055
40,127.49,31.72,130.70,33.27,0,0,0,0.054
41,127.40,335.26,130.61,336.78,0,0,0,0.053
42,100.91,74.22,104.15,75.87,0,0,0,0.058
43,100.77,180.84,103.97,182.34,0,0,0,0.053
44,47.62,79.55,50.87,81.14,0,1,0,0.057
45,20.98,324.56,24.10,326.07,0,0,0,0.051
46,186.07,90.18,189.36,91.74,0,0,0,0.056
47,116.89,84.81,120.04,86.47,0,0,0,0.057
48,159.43,63.52,162.71,65.14,0,0,0,0.058
49,122.14,106.12,125.44,107.77,0,0,0,0.059
50,21.04,196.71,24.18,198.22,0,0,1,0.052
51,138.10,26.37,141.35,27.89,0,1,0,0.054
52,42.28,340.49,45.41,342.05,0,0,0,0.054
53,138.15,281.93,141.31,283.51,0,0,0,0.055
54,175.50,180.67,178.79,182.29,0,0,0,0.058
55,31.68,399.15,34.89,400.70,0,0,0,0.055
56,186.17,186.12,189.29,187.77,0,0,0,0.056
57,95.49,319.25,98.66,320.90,0,0,0,0.057
58,74.30,170.04,77.48,171.56,0,0,1,0.053
59,63.55,84.97,66.80,86.61,0,1,0,0.058
60,100.79,170.17,103.94,171.82,0,0,0,0.057
61,31.65,361.76,34.84,363.41,0,0,0,0.057
62,52.99,266.01,56.29,267.66,0,0,1,0.059
63,47.66,201.96,50.82,203.60,0,0,1,0.057
64,111.48,10.40,114.60,12.07,0,0,0,0.057
65,170.16,356.45,173.34,358.08,0,0,0,0.057
66,116.90,95.54,120.02,97.23,0,1,0,0.058
67,159.37,281.86,162.63,283.45,0,0,0,0.056
68,15.70,175.36,18.87,177.02,0,0,0,0.058
69,100.87,340.57,104.11,342.12,0,1,0,0.055
70,95.53,31.63,98.82,33.25,0,0,0,0.058
71,116.89,116.89,120.01,118.48,0,0,0,0.054
72,111.56,138.07,114.83,139.73,0,1,0,0.06
73,116.80,36.96,119.92,38.56,0,0,0,0.055
74,106.11,244.61,109.38,246.27,0,0,0,0.059
75,26.32,372.58,29.58,374.21,0,1,0,0.058
76,170.09,175.37,173.29,177.06,0,0,0,0.059
77,180.79,335.18,183.90,336.79,0,0,0,0.055
78,132.81,292.51,135.97,294.04,0,0,0,0.053
79,175.34,175.34,178.45,176.96,0,0,0,0.055
80,84.85,74.26,88.13,75.96,0,0,0,0.061
81,74.25,249.90,77.49,251.55,0,0,1,0.058
82,164.72,335.20,167.90,336.86,0,1,0,0.058
83,122.11,223.27,125.34,224.85,0,0,0,0.056
84,127.45,239.44,130.71,240.95,0,0,0,0.054
85,116.82,308.56,120.06,310.23,0,0,0,0.059
86,132.74,116.86,135.88,118.39,0,1,0,0.053
87,170.07,399.02,173.18,400.66,0,0,0,0.056
88,143.39,15.61,146.67,17.24,0,0,0,0.059
89,31.68,138.06,34.98,139.70,0,0,0,0.059
90,37.04,20.93,40.30,22.55,0,0,0,0.058
91,154.11,90.29,157.28,91.89,0,1,0,0.056
92,95.58,207.45,98.72,209.00,0,0,0,0.053
93,164.76,42.23,167.99,43.81,0,0,0,0.056
94,84.89,191.42,88.02,193.02,0,0,0,0.055
95,154.06,383.19,157.32,384.70,0,0,0,0.054
96,68.94,5.08,72.06,6.72,0,0,0,0.056
97,15.60,276.60,18.84,278.27,0,0,0,0.059
98,10.35,42.23,13.62,43.77,0,0,0,0.055
99,26.31,202.10,29.47,203.63,0,0,1,0.053
100,127.47,170.06,130.61,171.67,0,0,0,0.055
101,68.94,271.35,72.17,272.85,0,0,1,0.053
102,47.70,297.89,50.90,299.40,0,0,0,0.053
103,100.86,415.02,104.05,416.61,0,1,0,0.056
104,10.36,84.95,13.51,86.53,0,0,0,0.055
105,84.92,63.51,88.21,65.06,0,0,0,0.055
106,106.13,255.42,109.35,257.04,0,0,0,0.057
107,36.91,95.52,40.06,97.20,0,0,0,0.058
108,68.92,95.57,72.17,97.11,0,0,0,0.055
109,143.53,42.19,146.69,43.82,0,0,0,0.057
110,47.53,26.29,50.70,27.97,0,0,0,0.058
111,42.29,356.42,45.48,358.08,0,1,0,0.058
112,10.28,15.75,13.52,17.44,0,0,0,0.06
113,79.58,111.53,82.85,113.17,0,0,0,0.059
114,79.55,388.53,82.71,390.07,0,0,0,0.053
115,154.07,68.92,157.23,70.45,0,0,0,0.053
116,180.66,415.09,183.85,416.60,0,0,0,0.053
117,26.25,106.21,29.46,107.85,0,0,0,0.058
118,95.60,202.12,98.81,203.73,0,0,0,0.057
119,159.43,372.44,162.60,374.09,0,0,0,0.057
120,154.08,292.55,157.25,294.10,0,0,0,0.054
121,164.82,52.93,168.07,54.57,0,0,0,0.058
122,79.56,63.61,82.70,65.12,0,0,0,0.052
123,52.88,287.21,56.03,288.84,0,1,1,0.056
124,175.41,127.49,178.64,129.11,0,0,0,0.057
125,180.73,122.13,183.94,123.79,0,0,0,0.058
126,37.03,361.90,40.26,363.45,0,0,0,0.055
127,20.93,351.17,24.19,352.75,0,1,0,0.056
128,4.99,281.93,8.09,283.46,0,0,0,0.052
129,37.02,100.85,40.32,102.53,0,0,0,0.061
130,26.34,298.02,29.62,299.67,0,0,0,0.059
131,122.18,239.42,125.33,240.99,0,0,0,0.054
132,10.36,148.84,13.46,150.52,0,0,0,0.057
133,4.94,292.58,8.16,294.21,0,0,0,0.057
134,68.98,196.66,72.10,198.30,0,0,1,0.056
135,175.36,143.38,178.64,144.92,0,0,0,0.055
136,42.20,63.66,45.38,65.36,0,1,0,0.059
137,159.55,218.08,162.84,219.63,0,0,0,0.056
138,4.97,239.29,8.26,240.86,0,0,0,0.056
139,164.76,143.49,167.99,145.13,0,0,0,0.058
140,148.77,324.58,151.92,326.17,0,0,0,0.055
141,159.43,404.49,162.67,406.08,0,1,0,0.056
142,111.51,393.88,114.80,395.53,0,0,0,0.059
143,154.05,372.58,157.33,374.09,0,0,0,0.054
144,100.94,95.64,104.05,97.20,0,0,0,0.053
145,58.24,399.08,61.54,400.75,0,0,0,0.06
146,90.15,255.31,93.30,257.00,0,0,0,0.058
147,79.62,287.28,82.92,288.97,0,0,1,0.061
148,122.12,84.90,125.40,86.58,0,0,0,0.06
149,132.77,393.80,136.06,395.43,0,0,0,0.058
150,15.57,292.67,18.83,294.26,0,1,0,0.057
151,106.14,186.08,109.29,187.71,0,1,0,0.056
152,68.98,164.77,72.24,166.47,0,0,1,0.06
153,10.33,271.35,13.56,272.90,0,1,0,0.055
154,122.26,47.68,125.50,49.22,0,0,0,0.054
155,170.11,164.72,173.30,166.32,0,0,0,0.056
156,106.16,383.22,109.42,384.75,0,0,0,0.055
157,42.37,95.60,45.57,97.26,0,0,0,0.058
158,31.69,164.74,34.93,166.32,0,0,1,0.056
159,42.37,276.69,45.63,278.21,0,0,1,0.054
160,116.77,409.76,120.00,411.26,0,0,0,0.053
161,36.90,164.76,40.03,166.45,0,1,1,0.058
162,116.89,415.02,120.16,416.67,0,0,0,0.059
163,15.57,393.85,18.87,395.52,0,1,0,0.06
164,106.15,409.69,109.29,411.24,0,0,0,0.053
165,79.60,313.82,82.87,315.46,0,1,0,0.059
166,84.92,10.31,88.18,11.95,0,0,0,0.059
167,74.23,164.70,77.49,166.26,0,0,1,0.056
168,31.70,31.68,34.97,33.30,0,0,0,0.058
169,170.05,393.74,173.18,395.42,0,0,0,0.058
170,111.61,308.64,114.72,310.25,0,0,0,0.055
171,143.48,282.02,146.69,283.53,0,1,0,0.053
172,74.26,111.58,77.39,113.15,0,0,0,0.054
173,180.78,116.94,184.04,118.59,0,0,0,0.059
174,186.09,148.87,189.21,150.38,0,0,0,0.052
175,90.29,388.37,93.44,390.06,0,0,0,0.058
176,42.30,52.92,45.47,54.61,0,1,0,0.058
177,58.26,84.92,61.52,86.55,0,1,0,0.058
178,47.68,90.13,50.94,91.75,0,0,0,0.058
179,122.25,271.37,125.37,273.07,0,1,0,0.058
180,132.81,100.88,135.99,102.40,0,1,0,0.053
181,63.63,53.03,66.90,54.56,0,0,0,0.055
182,10.39,223.39,13.65,224.95,0,0,0,0.056
183,95.61,271.22,98.83,272.84,0,0,0,0.057
184,132.73,234.08,135.85,235.63,0,0,0,0.053
185,84.89,266.00,88.03,267.61,0,0,0,0.055
186,175.33,393.83,178.62,395.37,0,0,0,0.055
187,175.37,212.76,178.61,214.27,0,0,0,0.053
188,47.63,335.27,50.82,336.78,0,0,0,0.053
189,159.50,202.10,162.66,203.70,0,0,0,0.056
190,52.91,132.85,56.04,134.44,0,0,0,0.055
191,31.64,63.51,34.92,65.11,0,0,0,0.057
192,10.24,324.49,13.37,326.10,0,0,0,0.055
193,31.58,223.41,34.83,224.94,0,0,1,0.055
194,170.07,223.34,173.26,224.99,0,0,0,0.058
195,127.49,180.72,130.70,182.22,0,0,0,0.053
196,58.34,5.09,61.45,6.63,0,0,0,0.053
197,164.88,138.25,168.12,139.75,0,1,0,0.053
198,186.11,393.87,189.23,395.54,0,0,0,0.057
199,116.90,15.60,120.08,17.18,0,0,0,0.055
200,175.48,228.73,178.65,230.28,0,0,0,0.054
201,122.18,52.87,125.35,54.55,0,0,0,0.058
202,95.60,287.19,98.73,288.79,0,0,0,0.055
203,122.17,170.20,125.42,171.83,0,0,0,0.058
204,79.61,127.55,82.83,129.14,0,0,0,0.056
205,90.28,26.29,93.57,27.81,0,1,0,0.055
206,26.38,388.39,29.57,390.05,0,0,0,0.058
207,95.54,5.04,98.78,6.64,0,1,0,0.057
208,138.21,399.14,141.33,400.70,0,0,0,0.053
209,175.52,100.94,178.66,102.47,0,0,0,0.053
210,95.53,138.09,98.67,139.60,0,1,0,0.052
211,170.10,148.80,173.25,150.31,0,1,0,0.052
212,52.96,271.20,56.16,272.88,0,0,1,0.059
213,63.64,10.42,66.92,12.01,0,1,0,0.057
214,159.49,84.84,162.60,86.36,0,0,0,0.052
215,31.59,122.19,34.79,123.86,0,0,0,0.058
216,90.13,335.20,93.37,336.90,0,0,0,0.06
217,53.01,116.90,56.12,118.48,0,0,0,0.054
218,31.64,106.29,34.94,107.89,0,0,0,0.057
219,84.95,335.27,88.14,336.90,0,0,0,0.057
220,26.37,233.95,29.48,235.59,0,1,1,0.056
221,79.50,329.79,82.69,331.48,0,0,0,0.059
222,4.94,186.03,8.19,187.64,0,0,0,0.057
223,159.55,335.23,162.65,336.85,0,1,0,0.055
224,186.02,233.93,189.16,235.51,0,0,0,0.054
225,47.58,159.54,50.86,161.20,0,0,1,0.06
226,111.44,340.46,114.68,342.10,0,0,0,0.058
227,186.13,404.43,189.30,406.08,0,1,0,0.057
228,53.00,260.64,56.28,262.34,0,0,1,0.061
229,132.84,132.72,136.02,134.26,0,0,0,0.053
230,37.01,31.67,40.25,33.24,0,0,0,0.056
231,26.23,266.04,29.33,267.57,0,0,1,0.052
232,68.86,297.89,72.09,299.57,0,0,0,0.059
233,58.29,69.01,61.45,70.65,0,1,0,0.057
234,170.03,218.04,173.18,219.57,0,0,0,0.053
235,116.77,244.58,119.94,246.23,0,0,0,0.057
236,90.12,180.79,93.26,182.46,0,0,0,0.057
237,58.16,116.75,61.37,118.29,0,0,0,0.054
238,159.41,228.68,162.62,230.36,0,0,0,0.059
239,186.01,100.90,189.22,102.58,0,0,0,0.059
240,15.67,415.06,18.79,416.71,0,1,0,0.056
241,52.92,42.20,56.11,43.71,0,0,0,0.053
242,106.23,266.04,109.46,267.65,0,0,0,0.057
243,164.71,415.02,167.88,416.69,0,1,0,0.058
244,175.49,404.38,178.77,405.90,0,0,0,0.055
245,180.74,175.48,183.87,177.16,0,0,0,0.058
246,138.23,68.83,141.35,70.45,0,1,0,0.055
247,90.12,84.93,93.32,86.53,0,0,0,0.056
248,68.94,228.75,72.21,230.28,0,0,1,0.054
249,58.26,10.23,61.50,11.77,0,0,0,0.054
250,106.11,52.96,109.27,54.60,0,0,0,0.057
251,47.52,143.50,50.81,145.08,0,0,0,0.057
252,122.08,340.45,125.31,342.10,0,0,0,0.059
253,132.88,212.75,136.05,214.32,0,0,0,0.054
254,79.61,282.02,82.80,283.71,0,0,1,0.059
255,58.29,303.21,61.49,304.80,0,0,0,0.056
256,84.82,79.53,87.93,81.05,0,0,0,0.052
257,15.56,202.03,18.83,203.72,0,0,0,0.06
258,37.01,180.77,40.21,182.28,0,0,1,0.052
259,63.67,329.87,66.79,331.44,0,0,0,0.054
260,20.99,415.05,24.16,416.66,0,1,0,0.056
261,186.14,319.15,189.27,320.78,0,0,0,0.056
262,42.36,21.00,45.61,22.53,0,0,0,0.054
263,127.56,409.86,130.74,411.45,0,0,0,0.056
264,42.26,287.26,45.46,288.82,0,0,1,0.055
265,106.17,47.54,109.36,49.17,0,0,0,0.057
266,74.27,266.02,77.51,267.53,0,0,1,0.053
267,52.89,207.29,56.11,208.82,0,1,1,0.054
268,36.94,239.29,40.21,240.92,0,1,1,0.058
269,68.93,10.23,72.05,11.88,0,0,0,0.056
270,164.86,356.49,168.04,358.14,0,1,0,0.057
271,122.12,95.56,125.38,97.20,0,0,0,0.058
272,180.70,148.89,183.85,150.46,0,0,0,0.054
273,52.84,223.38,56.02,225.08,0,1,1,0.059
274,37.03,255.38,40.31,256.91,0,0,1,0.055
275,58.25,356.59,61.40,358.21,0,1,0,0.056
276,106.25,79.62,109.38,81.19,0,0,0,0.054
277,122.16,15.68,125.32,17.20,0,0,0,0.053
278,15.71,138.20,18.88,139.89,0,0,0,0.059
279,74.23,26.30,77.48,27.89,0,1,0,0.056
280,175.53,21.03,178.71,22.68,0,0,0,0.058
281,180.76,132.82,183.94,134.34,0,0,0,0.053
282,111.46,106.28,114.63,107.81,0,0,0,0.053
283,4.92,377.76,8.19,379.40,0,1,0,0.058
284,186.13,383.14,189.38,384.70,0,0,0,0.055
285,175.47,265.90,178.60,267.49,0,0,0,0.055
286,5.10,42.21,8.38,43.77,0,0,0,0.056
287,52.87,324.60,56.07,326.15,0,0,0,0.054
288,79.58,79.61,82.75,81.13,0,0,0,0.053
289,79.51,212.73,82.67,214.38,0,1,1,0.057
290,106.17,361.87,109.43,363.55,0,0,0,0.06
291,116.87,287.31,120.03,288.90,0,0,0,0.055
292,154.12,265.98,157.29,267.58,0,0,0,0.055
293,74.34,319.32,77.58,320.99,0,0,0,0.059
294,74.20,58.27,77.45,59.79,0,0,0,0.054
295,95.51,42.28,98.68,43.96,0,0,0,0.058
296,127.42,250.07,130.61,251.62,0,0,0,0.054
297,111.44,415.09,114.63,416.61,0,0,0,0.053
298,100.84,303.33,103.99,304.89,0,0,0,0.054
299,180.75,164.74,184.01,166.26,0,0,0,0.054
300,159.52,159.36,162.71,160.99,0,1,0,0.057
301,36.88,170.09,40.16,171.68,0,0,1,0.057
302,116.78,313.90,119.88,315.52,0,1,0,0.055
303,122.19,10.39,125.30,12.06,0,0,0,0.057
304,138.08,63.57,141.22,65.08,0,0,0,0.052
305,111.58,52.85,114.69,54.51,0,0,0,0.057
306,127.45,324.54,130.65,326.09,0,0,0,0.054
307,154.05,271.35,157.23,272.98,0,0,0,0.057
308,106.11,100.96,109.26,102.55,0,0,0,0.055
309,52.96,138.12,56.23,139.76,0,0,0,0.059
310,36.94,404.44,40.18,406.13,0,0,0,0.06
311,159.54,377.80,162.67,379.48,0,0,0,0.057
312,52.94,409.82,56.13,411.49,0,0,0,0.058
313,10.26,63.60,13.47,65.14,0,0,0,0.054
314,148.73,116.92,151.88,118.56,0,1,0,0.057
315,175.51,399.04,178.75,400.74,0,0,0,0.06
316,90.16,345.86,93.40,347.47,0,0,0,0.057
317,79.59,255.35,82.75,256.94,0,0,1,0.055
318,52.86,20.95,56.13,22.53,0,1,0,0.057
319,148.82,122.17,152.03,123.81,0,0,0,0.057
320,138.09,10.23,141.35,11.80,0,1,0,0.056
321,106.17,367.22,109.43,368.81,0,0,0,0.057
322,170.10,292.68,173.21,294.31,0,0,0,0.055
323,90.21,175.43,93.36,177.05,0,0,0,0.056
324,68.98,69.01,72.14,70.54,0,0,0,0.053
325,138.14,127.54,141.40,129.18,0,0,0,0.058
326,79.66,207.44,82.77,208.96,0,0,1,0.052
327,148.72,335.17,151.93,336.75,0,0,0,0.055
328,26.31,132.73,29.42,134.30,0,0,0,0.053
329,186.04,170.07,189.18,171.70,0,0,0,0.056
330,63.50,404.47,66.63,406.07,0,0,0,0.055
331,143.49,31.70,146.69,33.38,0,0,0,0.059
332,36.97,303.34,40.19,304.85,0,1,0,0.053
333,159.36,10.23,162.55,11.81,0,0,0,0.055
334,106.27,239.35,109.38,240.98,0,1,0,0.055
335,26.27,63.55,29.38,65.07,0,0,0,0.052
336,36.94,42.37,40.10,43.98,0,0,0,0.055
337,68.90,159.53,72.12,161.05,0,0,1,0.053
338,15.58,404.35,18.80,406.01,0,0,0,0.058
339,143.42,5.09,146.60,6.67,0,0,0,0.055
340,4.90,345.81,8.03,347.40,0,0,0,0.054
341,175.35,335.29,178.54,336.89,0,0,0,0.056
342,42.30,298.02,45.58,299.56,0,0,0,0.055
343,132.84,79.64,136.05,81.18,0,1,0,0.054
344,47.55,260.70,50.72,262.30,0,0,1,0.056
345,106.14,74.27,109.25,75.90,0,0,0,0.055
346,164.71,297.93,167.87,299.44,0,0,0,0.052
347,148.77,15.69,152.05,17.29,0,0,0,0.057
348,170.04,132.88,173.32,134.56,0,0,0,0.06
349,148.86,345.80,152.14,347.39,0,0,0,0.057
350,74.31,74.17,77.51,75.78,0,0,0,0.056
351,175.47,148.75,178.75,150.30,0,0,0,0.055
352,47.62,234.09,50.73,235.63,0,0,1,0.052
353,42.21,111.49,45.38,113.01,0,0,0,0.053
354,175.39,324.50,178.64,326.00,0,0,0,0.053
355,26.31,340.49,29.50,342.13,0,0,0,0.057
356,36.91,393.89,40.06,395.41,0,0,0,0.052
357,84.94,377.90,88.15,379.59,0,0,0,0.059
358,84.83,42.21,88.02,43.83,0,1,0,0.057
359,116.90,212.66,120.06,214.26,0,0,0,0.055
360,106.18,228.78,109.42,230.29,0,0,0,0.053
361,58.36,127.43,61.52,129.11,0,0,0,0.058
362,138.22,255.26,141.43,256.94,0,1,0,0.059
363,10.26,10.31,13.48,11.95,0,1,0,0.058
364,122.09,122.24,125.28,123.87,0,0,0,0.057
365,15.67,95.52,18.78,97.16,0,0,0,0.056
366,52.99,351.18,56.13,352.83,0,0,0,0.057
367,20.92,159.48,24.15,161.05,0,0,1,0.055
368,74.27,47.64,77.46,49.31,0,0,0,0.058
369,31.56,21.05,34.67,22.74,0,0,0,0.058
370,154.21,127.42,157.37,128.93,0,0,0,0.052
371,47.63,292.53,50.83,294.15,0,0,1,0.057
372,143.43,122.17,146.71,123.85,0,0,0,0.06
373,159.35,313.91,162.46,315.46,0,0,0,0.053
374,154.05,340.49,157.26,342.00,0,0,0,0.053
375,31.53,42.27,34.66,43.78,0,0,0,0.052
376,159.39,303.30,162.65,304.99,0,0,0,0.06
377,148.90,159.41,152.05,161.00,0,0,0,0.055
378,138.22,186.16,141.32,187.79,0,0,0,0.055
379,175.48,116.76,178.65,118.35,0,1,0,0.055
380,148.72,297.86,152.00,299.45,0,0,0,0.057
381,42.23,377.74,45.49,379.29,0,0,0,0.055
382,52.96,180.70,56.13,182.38,0,1,1,0.058
383,132.77,260.73,135.99,262.29,0,0,0,0.055
384,10.41,36.90,13.54,38.56,0,0,0,0.057
385,15.63,319.33,18.81,320.87,0,0,0,0.054
386,116.94,68.84,120.21,70.50,0,1,0,0.059
387,52.98,122.11,56.11,123.64,0,0,0,0.052
388,42.23,281.93,45.35,283.51,0,0,1,0.054
389,36.95,415.03,40.24,416.66,0,1,0,0.059
390,36.91,388.56,40.07,390.25,0,0,0,0.059
391,15.70,47.67,18.93,49.34,0,0,0,0.059
392,164.83,239.39,168.05,241.06,0,1,0,0.059
393,159.54,20.99,162.65,22.63,0,0,0,0.056
394,138.22,244.65,141.42,246.23,0,0,0,0.055
395,164.87,367.13,168.12,368.77,0,0,0,0.058
396,68.86,90.20,72.08,91.73,0,0,0,0.054
397,95.50,329.85,98.75,331.50,0,0,0,0.058
398,143.47,79.51,146.73,81.08,0,1,0,0.056
399,69.00,202.07,72.14,203.69,0,0,1,0.056
400,63.61,143.47,66.81,145.09,0,0,0,0.057
401,26.38,250.09,29.61,251.62,0,0,1,0.054
402,4.96,276.53,8.17,278.21,0,0,0,0.059
403,4.96,308.58,8.20,310.12,0,0,0,0.055
404,143.47,404.45,146.70,405.99,0,0,0,0.054
405,127.41,159.39,130.62,160.94,0,1,0,0.054
406,10.31,239.32,13.54,240.85,0,0,0,0.054
407,116.85,52.88,119.98,54.41,0,0,0,0.052
408,159.42,319.19,162.57,320.82,0,0,0,0.056
409,122.08,276.64,125.26,278.25,0,0,0,0.056
410,10.42,409.68,13.69,411.37,0,0,0,0.06
411,95.49,122.12,98.65,123.63,0,1,0,0.052
412,79.52,260.72,82.79,262.35,0,1,1,0.058
413,36.97,116.91,40.15,118.60,0,0,0,0.059
414,47.53,217.99,50.83,219.51,0,0,1,0.055
415,164.78,388.45,167.90,390.04,0,1,0,0.054
416,111.54,95.61,114.67,97.12,0,0,0,0.052
417,42.26,15.56,45.43,17.19,0,1,0,0.057
418,106.11,143.52,109.40,145.09,0,1,0,0.056
419,106.11,297.92,109.29,299.44,0,0,0,0.053
420,84.86,175.38,88.13,177.02,0,0,0,0.059
421,74.28,15.73,77.40,17.36,0,0,0,0.056
422,164.74,292.56,167.93,294.23,0,0,0,0.058
423,116.82,255.32,120.09,256.96,0,0,0,0.058
424,31.57,228.62,34.76,230.26,0,0,1,0.057
425,37.05,249.90,40.18,251.44,0,0,1,0.053
426,26.31,95.46,29.58,97.10,0,0,0,0.058
427,15.71,20.98,18.97,22.64,0,0,0,0.059
428,170.20,297.90,173.33,299.43,0,0,0,0.052
429,84.96,122.14,88.22,123.69,0,0,0,0.055
430,138.24,148.80,141.42,150.47,0,0,0,0.058
431,31.55,207.34,34.79,208.90,0,0,1,0.055
432,106.10,372.53,109.22,374.09,0,0,0,0.053
433,20.97,255.40,24.25,257.08,0,0,1,0.06
434,111.51,79.61,114.80,81.30,0,0,0,0.061
435,4.96,265.96,8.16,267.50,0,0,0,0.054
436,186.06,191.36,189.27,192.87,0,0,0,0.053
437,52.95,228.61,56.06,230.30,0,0,1,0.058
438,95.51,164.85,98.75,166.44,0,0,0,0.056
439,127.48,233.96,130.59,235.55,0,0,0,0.054
440,143.44,74.21,146.72,75.80,0,0,0,0.057
441,84.96,127.46,88.15,128.97,0,0,0,0.053
442,100.89,207.31,104.00,208.90,0,1,0,0.054
443,116.78,191.35,120.06,192.89,0,0,0,0.055
444,47.63,175.36,50.91,176.97,0,0,1,0.057
445,186.04,281.94,189.17,283.61,0,0,0,0.057
446,138.19,79.59,141.35,81.29,0,0,0,0.059
447,15.67,377.86,18.94,379.37,0,1,0,0.054
448,20.97,191.48,24.25,193.08,0,0,1,0.057
449,84.95,90.17,88.10,91.78,0,0,0,0.056
450,143.51,383.06,146.71,384.64,0,0,0,0.055
451,42.26,223.39,45.41,224.93,0,0,1,0.053
452,47.54,319.19,50.75,320.80,0,0,0,0.057
453,154.16,388.52,157.32,390.05,0,0,0,0.053
454,47.66,361.92,50.85,363.45,0,0,0,0.053
455,74.30,148.88,77.60,150.56,0,0,0,0.06
456,15.63,68.88,18.84,70.45,0,0,0,0.055
457,148.80,143.57,151.93,145.16,0,0,0,0.054
458,164.76,266.05,168.03,267.69,0,0,0,0.059
459,31.53,196.80,34.68,198.49,0,1,1,0.058
460,164.82,79.65,168.12,81.17,0,0,0,0.055
461,31.54,212.64,34.73,214.23,0,0,1,0.056
462,116.84,26.24,120.01,27.77,0,0,0,0.053
463,95.45,196.65,98.73,198.19,0,0,0,0.055
464,47.56,63.58,50.78,65.09,0,0,0,0.053
465,63.49,356.49,66.71,358.07,0,1,0,0.055
466,186.15,95.45,189.30,97.01,0,0,0,0.054
467,31.63,36.92,34.78,38.44,0,0,0,0.052
468,84.82,218.12,87.93,219.64,0,1,0,0.052
469,26.30,308.59,29.42,310.13,0,0,0,0.053
470,100.79,399.08,104.01,400.77,0,1,0,0.059
471,180.79,58.28,183.95,59.83,0,0,0,0.054
472,58.25,207.37,61.53,209.04,0,0,1,0.059
473,10.29,170.19,13.43,171.76,0,0,0,0.054
474,143.50,356.41,146.74,358.10,0,1,0,0.06
475,138.12,47.56,141.26,49.24,0,0,0,0.058
476,170.05,122.21,173.16,123.87,0,0,0,0.057
477,164.69,90.13,167.79,91.66,0,1,0,0.052
478,90.16,148.84,93.42,150.51,0,0,0,0.059
479,116.86,356.43,119.97,357.94,0,0,0,0.052
480,31.72,303.29,34.84,304.87,0,0,0,0.054
481,164.87,276.63,168.15,278.26,0,0,0,0.058
482,154.19,313.83,157.34,315.36,0,0,0,0.053
483,186.14,79.54,189.25,81.11,0,1,0,0.053
484,127.43,244.63,130.71,246.21,0,0,0,0.057
485,63.59,367.23,66.83,368.88,0,1,0,0.058
486,90.17,266.01,93.31,267.63,0,0,0,0.056
487,138.13,116.94,141.42,118.49,0,0,0,0.056
488,42.34,84.97,45.52,86.49,0,0,0,0.053
489,31.58,234.09,34.84,235.64,0,0,1,0.055
490,84.95,287.36,88.13,288.93,0,0,0,0.055
491,21.02,26.25,24.15,27.84,0,0,0,0.055
492,31.70,100.94,34.98,102.58,0,0,0,0.059
493,170.08,74.21,173.32,75.89,0,0,0,0.06
494,116.77,388.38,120.02,390.08,0,1,0,0.06
495,10.27,52.96,13.50,54.59,0,0,0,0.057
496,5.09,31.56,8.20,33.24,0,0,0,0.057
497,180.81,383.17,183.92,384.82,0,0,0,0.056
498,159.52,132.76,162.71,134.37,0,1,0,0.056
499,106.19,196.76,109.40,198.28,0,0,0,0.053
500,111.44,324.64,114.56,326.34,0,0,0,0.058
501,116.81,21.04,120.00,22.54,0,0,0,0.052
502,143.57,106.24,146.86,107.76,0,0,0,0.055
503,4.91,170.19,8.12,171.77,0,0,0,0.055
504,170.15,84.82,173.34,86.41,0,0,0,0.056
505,143.56,367.13,146.76,368.82,0,0,0,0.059
506,90.29,143.48,93.43,145.00,0,0,0,0.052
507,90.24,393.75,93.47,395.44,0,0,0,0.06
508,63.68,383.22,66.97,384.86,0,0,0,0.059
509,68.83,63.55,72.13,65.16,0,0,0,0.058
510,42.21,399.16,45.40,400.80,0,1,0,0.057
511,42.35,68.84,45.60,70.35,0,1,0,0.054
512,4.92,383.10,8.13,384.64,0,0,0,0.054
513,26.26,170.13,29.46,171.72,0,0,1,0.056
514,90.21,244.63,93.47,246.30,0,0,0,0.06
515,159.53,170.03,162.80,171.57,0,0,0,0.055
516,148.81,404.53,152.09,406.17,0,0,0,0.058
517,180.67,106.21,183.79,107.90,0,0,0,0.058
518,63.57,20.94,66.73,22.56,0,1,0,0.056
519,148.70,138.16,151.99,139.73,0,0,0,0.056
520,68.88,122.19,72.15,123.71,0,0,0,0.054
521,90.14,308.62,93.37,310.17,0,0,0,0.055
522,10.43,383.16,13.57,384.79,0,0,0,0.056
523,132.80,361.90,135.93,363.53,0,0,0,0.056
524,36.88,287.32,40.12,288.82,0,1,1,0.053
525,53.03,415.16,56.19,416.82,0,0,0,0.057
526,122.08,281.98,125.28,283.56,0,0,0,0.055
527,138.16,4.95,141.36,6.52,0,0,0,0.055
528,52.95,31.72,56.06,33.23,0,0,0,0.052
529,100.84,20.90,104.10,22.52,0,0,0,0.058
530,52.85,383.06,55.95,384.62,0,1,0,0.053
531,47.58,415.11,50.85,416.73,0,0,0,0.058
532,74.28,95.62,77.47,97.17,0,0,0,0.054
533,170.18,4.97,173.36,6.51,0,0,0,0.054
534,164.83,255.37,168.11,256.91,0,1,0,0.055
535,74.14,361.81,77.36,363.36,0,0,0,0.054
536,10.26,393.88,13.48,395.52,0,0,0,0.058
537,63.60,212.72,66.78,214.36,0,0,1,0.057
538,186.01,303.26,189.30,304.80,0,0,0,0.055
539,164.82,351.25,168.06,352.86,0,0,0,0.057
540,68.84,148.71,72.06,150.31,0,0,0,0.056
541,42.37,292.66,45.64,294.19,0,1,1,0.055
542,116.85,170.14,120.02,171.65,0,0,0,0.052
543,58.30,377.85,61.44,379.37,0,0,0,0.052
544,58.19,313.82,61.47,315.36,0,0,0,0.055
545,132.77,111.50,135.91,113.15,0,0,0,0.056
546,47.60,36.93,50.84,38.44,0,0,0,0.053
547,106.17,90.12,109.41,91.71,0,1,0,0.057
548,106.24,106.26,109.38,107.82,0,0,0,0.054
549,186.06,223.41,189.23,225.03,0,0,0,0.056
550,90.27,79.51,93.56,81.09,0,0,0,0.057
551,63.57,303.32,66.86,304.95,0,0,0,0.059
552,84.92,180.70,88.14,182.27,0,0,0,0.055
553,74.16,393.70,77.30,395.23,0,0,0,0.053
554,90.13,68.85,93.28,70.37,0,0,0,0.052
555,116.83,186.13,120.01,187.81,0,0,0,0.058
556,170.17,361.79,173.31,363.36,0,0,0,0.054
557,148.81,351.13,151.95,352.67,0,0,0,0.053
558,111.47,20.92,114.62,22.52,0,0,0,0.055
559,180.72,292.62,183.99,294.14,0,0,0,0.055
560,164.75,324.64,167.98,326.29,0,0,0,0.058
561,74.21,63.58,77.48,65.09,0,0,0,0.054
562,95.50,265.94,98.76,267.47,0,0,0,0.054
563,106.09,292.58,109.31,294.17,0,0,0,0.056
564,159.42,244.73,162.62,246.31,0,1,0,0.055
565,31.72,356.42,34.90,357.99,0,0,0,0.055
566,68.88,100.83,71.99,102.50,0,0,0,0.057
567,116.88,79.56,120.07,81.18,0,0,0,0.057
568,26.30,52.86,29.60,54.46,0,1,0,0.057
569,148.81,95.53,152.03,97.18,0,0,0,0.058
570,15.61,218.06,18.71,219.59,0,0,0,0.052
571,53.01,281.94,56.17,283.62,0,0,1,0.058
572,159.42,26.21,162.69,27.85,0,1,0,0.059
573,170.12,68.82,173.40,70.41,0,0,0,0.057
574,52.84,297.87,56.07,299.41,0,1,0,0.054
575,15.74,367.19,18.89,368.71,0,0,0,0.052
576,170.03,154.19,173.19,155.82,0,1,0,0.056
577,159.39,42.23,162.63,43.81,0,0,0,0.056
578,15.72,383.08,18.91,384.67,0,0,0,0.056
579,138.21,31.67,141.39,33.28,0,0,0,0.056
580,95.60,351.09,98.86,352.64,0,0,0,0.055
581,180.68,313.95,183.96,315.63,0,0,0,0.06
582,143.43,223.38,146.69,224.88,0,0,0,0.053
583,21.05,74.22,24.27,75.77,0,1,0,0.055
584,95.55,372.44,98.72,374.09,0,1,0,0.057
585,180.79,212.70,183.95,214.38,0,0,0,0.058
586,42.33,319.25,45.47,320.77,0,0,0,0.052
587,42.33,271.27,45.60,272.79,0,0,1,0.054
588,127.48,287.24,130.72,288.88,0,0,0,0.058
589,90.28,74.27,93.47,75.96,0,0,0,0.059
590,148.77,186.08,151.98,187.65,0,0,0,0.055
591,90.31,116.89,93.44,118.51,0,0,0,0.056
592,186.12,143.44,189.41,144.95,0,0,0,0.054
593,148.73,21.03,151.84,22.71,0,0,0,0.057
594,111.52,68.93,114.75,70.45,0,0,0,0.053
595,148.86,31.57,152.12,33.26,0,0,0,0.06
596,170.01,313.89,173.17,315.41,0,0,0,0.052
597,90.26,196.70,93.41,198.37,0,0,0,0.058
598,36.93,79.57,40.20,81.15,0,0,0,0.057
599,63.68,340.49,66.83,342.14,0,0,0,0.057
600,185.99,63.49,189.20,65.05,0,0,0,0.055
601,132.82,404.49,136.08,406.17,0,0,0,0.06
602,47.60,31.57,50.73,33.25,0,0,0,0.057
603,132.76,324.62,135.89,326.32,0,0,0,0.058
604,84.87,106.24,88.04,107.83,0,0,0,0.055
605,106.26,26.24,109.46,27.88,0,0,0,0.057
606,4.94,68.84,8.23,70.35,0,0,0,0.054
607,10.26,313.98,13.55,315.63,0,1,0,0.059
608,132.89,122.26,136.15,123.93,0,0,0,0.059
609,175.43,361.89,178.64,363.44,0,0,0,0.054
610,37.01,201.99,40.14,203.52,0,0,1,0.053
611,138.13,218.03,141.34,219.55,0,0,0,0.053
612,26.36,159.38,29.52,161.07,0,0,1,0.058
613,90.30,111.45,93.51,113.04,0,0,0,0.056
614,42.28,383.14,45.41,384.65,0,0,0,0.052
615,122.14,90.14,125.37,91.64,0,1,0,0.053
616,69.01,276.58,72.27,278.13,0,0,1,0.055
617,95.56,303.23,98.79,304.83,0,0,0,0.056
618,127.40,255.41,130.51,257.00,0,0,0,0.054
619,100.96,297.85,104.14,299.42,0,0,0,0.055
620,68.99,415.03,72.10,416.69,0,0,0,0.057
621,20.94,244.66,24.18,246.26,0,0,1,0.057
622,95.60,340.63,98.82,342.19,0,0,0,0.055
623,170.02,95.47,173.21,96.99,0,0,0,0.053
624,132.81,68.86,136.07,70.51,0,0,0,0.059
625,63.68,415.07,66.85,416.63,0,0,0,0.054
626,15.58,111.55,18.78,113.20,0,0,0,0.058
627,164.77,281.93,168.02,283.58,0,0,0,0.058
628,170.03,287.31,173.26,288.91,0,1,0,0.057
629,4.97,132.87,8.18,134.48,0,0,0,0.056
630,68.87,361.75,72.00,363.26,0,0,0,0.052
631,68.81,74.30,72.01,75.82,0,0,0,0.053
632,159.40,383.19,162.63,384.79,0,0,0,0.057
633,10.39,281.86,13.66,283.51,0,0,0,0.059
634,127.43,223.31,130.62,224.97,0,1,0,0.058
635,164.81,63.55,168.01,65.11,0,0,0,0.054
636,106.14,393.75,109.40,395.32,0,1,0,0.056
637,138.17,335.29,141.42,336.87,0,0,0,0.056
638,111.52,154.16,114.70,155.79,0,0,0,0.057
639,36.91,212.75,40.16,214.37,0,0,1,0.058
640,138.07,228.67,141.19,230.25,0,0,0,0.054
641,47.69,47.61,50.84,49.23,0,1,0,0.056
642,170.10,383.05,173.23,384.67,0,0,0,0.055
643,20.91,281.91,24.15,283.56,0,0,1,0.059
644,15.60,271.30,18.71,272.87,0,0,0,0.054
645,26.23,356.51,29.53,358.04,0,0,0,0.055
646,58.22,361.81,61.35,363.39,0,1,0,0.054
647,52.98,212.64,56.23,214.15,0,0,1,0.054
648,111.45,250.09,114.60,251.63,0,0,0,0.053
649,90.26,47.71,93.54,49.33,0,1,0,0.058
650,68.95,186.05,72.19,187.57,0,0,1,0.054
651,106.12,42.33,109.26,44.03,0,0,0,0.058
652,47.51,244.63,50.77,246.18,0,0,1,0.055
653,74.33,228.65,77.60,230.23,0,0,1,0.056
654,47.57,271.22,50.86,272.84,0,0,1,0.058
655,138.12,404.52,141.34,406.06,0,0,0,0.054
656,26.38,196.70,29.65,198.27,0,0,1,0.056
657,10.33,127.45,13.57,129.11,0,0,0,0.059
658,106.22,4.91,109.49,6.50,0,0,0,0.057
659,63.51,207.45,66.67,209.00,0,0,1,0.054
660,79.53,361.85,82.82,363.35,0,0,0,0.054
661,122.16,313.97,125.34,315.62,0,0,0,0.058
662,170.11,106.21,173.28,107.76,0,1,0,0.054
663,154.20,100.78,157.30,102.40,0,0,0,0.055
664,90.23,58.28,93.49,59.81,0,0,0,0.054
665,186.13,250.02,189.24,251.55,0,0,0,0.052
666,15.67,260.68,18.80,262.21,0,0,0,0.053
667,116.85,393.87,120.10,395.40,0,1,0,0.054
668,186.05,202.01,189.21,203.60,0,0,0,0.055
669,116.88,31.60,120.04,33.12,0,0,0,0.053
670,186.15,31.53,189.29,33.13,0,0,0,0.055
671,100.82,90.23,104.10,91.84,0,0,0,0.058
672,116.81,399.14,120.01,400.74,0,0,0,0.056
673,52.95,84.96,56.07,86.66,0,0,0,0.058
674,111.58,132.82,114.70,134.41,0,0,0,0.054
675,159.50,47.61,162.61,49.30,0,0,0,0.057
676,143.45,218.02,146.71,219.58,0,0,0,0.055
677,26.34,154.15,29.61,155.84,0,0,0,0.06
678,170.18,138.08,173.38,139.64,0,0,0,0.054
679,10.29,26.22,13.44,27.76,0,0,0,0.053
680,74.23,90.14,77.36,91.76,0,0,0,0.055
681,100.85,234.00,104.10,235.50,0,0,0,0.053
682,31.62,154.20,34.89,155.84,0,1,0,0.059
683,138.07,42.31,141.32,43.91,0,0,0,0.057
684,132.78,202.14,135.98,203.71,0,0,0,0.055
685,138.07,292.62,141.17,294.26,0,0,0,0.056
686,15.60,154.14,18.88,155.76,0,0,0,0.058
687,186.16,313.92,189.41,315.56,0,0,0,0.058
688,21.03,297.88,24.17,299.42,0,0,0,0.053
689,68.95,170.17,72.17,171.87,0,0,1,0.06
690,132.90,47.55,136.12,49.09,0,0,0,0.054
691,164.80,15.64,168.09,17.27,0,0,0,0.059
692,106.22,212.75,109.42,214.35,0,0,0,0.056
693,138.07,265.94,141.24,267.59,0,0,0,0.057
694,58.36,180.72,61.50,182.33,0,0,1,0.055
695,175.46,106.21,178.72,107.77,0,0,0,0.056
696,95.59,399.21,98.87,400.82,0,1,0,0.058
697,170.14,319.26,173.31,320.83,0,0,0,0.054
698,5.06,228.71,8.20,230.34,0,0,0,0.056
699,74.18,281.95,77.47,283.52,0,0,1,0.056
700,122.08,180.67,125.25,182.21,0,0,0,0.054
701,170.15,26.33,173.36,27.90,0,0,0,0.055
702,175.41,47.69,178.66,49.25,0,0,0,0.056
703,154.14,106.18,157.42,107.80,0,0,0,0.058
704,90.25,399.17,93.53,400.73,0,0,0,0.056
705,68.89,111.44,72.10,113.05,0,0,0,0.057
706,84.87,100.94,88.00,102.48,0,0,0,0.053
707,5.07,367.12,8.20,368.75,0,0,0,0.056
708,100.85,47.65,104.11,49.15,0,0,0,0.054
709,143.50,90.24,146.67,91.82,0,0,0,0.055
710,68.92,233.98,72.13,235.56,0,1,1,0.055
711,111.58,297.98,114.87,299.62,0,0,0,0.059
712,175.43,345.94,178.59,347.47,0,0,0,0.053
713,111.49,319.29,114.73,320.96,0,0,0,0.059
714,90.30,20.98,93.47,22.49,0,0,0,0.052
715,68.89,313.85,72.07,315.36,0,0,0,0.052
716,175.39,84.86,178.58,86.49,0,0,0,0.057
717,31.58,239.31,34.83,240.92,0,0,1,0.057
718,180.77,202.05,184.05,203.59,0,0,0,0.055
719,90.31,377.83,93.52,379.52,0,0,0,0.059
720,20.99,42.25,24.20,43.83,0,0,0,0.056
721,63.52,292.64,66.79,294.27,0,1,1,0.058
722,132.85,20.90,136.08,22.41,0,0,0,0.053
723,127.56,276.58,130.80,278.13,0,0,0,0.055
724,132.88,36.87,136.02,38.38,0,1,0,0.052
725,111.52,271.25,114.74,272.78,0,1,0,0.054
726,58.20,15.70,61.45,17.34,0,0,0,0.058
727,138.13,111.58,141.37,113.16,0,0,0,0.056
728,20.97,292.52,24.15,294.10,0,0,1,0.055
729,154.17,132.89,157.30,134.58,0,0,0,0.058
730,175.37,10.28,178.66,11.83,0,0,0,0.056
731,127.47,175.51,130.74,177.13,0,0,0,0.058
732,164.80,234.02,167.94,235.59,0,0,0,0.054
733,175.48,191.44,178.58,192.99,0,1,0,0.053
734,42.28,324.55,45.54,326.07,0,0,0,0.054
735,47.62,249.90,50.78,251.52,0,0,1,0.056
736,20.97,5.07,24.25,6.58,0,0,0,0.054
737,175.47,340.49,178.67,342.10,0,0,0,0.057
738,36.89,186.08,40.05,187.61,0,0,1,0.053
739,180.68,319.21,183.93,320.73,0,0,0,0.054
740,122.21,255.37,125.44,256.88,0,0,0,0.053
741,132.92,255.28,136.05,256.80,0,0,0,0.052
742,74.28,127.46,77.43,129.00,0,0,0,0.053
743,20.97,308.59,24.11,310.22,0,0,0,0.056
744,180.72,79.66,183.93,81.19,0,0,0,0.054
745,111.43,356.55,114.67,358.05,0,0,0,0.053
746,122.13,292.53,125.37,294.06,0,1,0,0.054
747,106.23,58.34,109.42,59.98,0,0,0,0.057
748,26.25,10.33,29.44,11.94,0,0,0,0.056
749,74.30,377.81,77.47,379.39,0,0,0,0.055
750,52.94,308.54,56.09,310.20,0,0,0,0.057
751,15.57,372.49,18.76,374.15,0,0,0,0.058
752,90.25,383.18,93.52,384.76,0,0,0,0.057
753,175.33,186.06,178.55,187.71,0,0,0,0.058
754,127.53,297.88,130.80,299.50,0,0,0,0.058
755,79.63,170.13,82.88,171.72,0,0,1,0.057
756,21.05,260.63,24.25,262.29,0,0,1,0.058
757,175.51,5.05,178.68,6.58,0,0,0,0.053
758,170.01,143.49,173.15,145.15,0,0,0,0.057
759,111.51,122.10,114.76,123.68,0,0,0,0.056
760,132.75,74.26,135.86,75.80,0,0,0,0.053
761,127.47,308.54,130.60,310.14,0,1,0,0.055
762,175.51,255.29,178.68,256.95,0,0,0,0.058
763,63.54,36.91,66.69,38.55,0,0,0,0.057
764,164.71,122.19,167.94,123.71,0,0,0,0.053
765,52.84,255.27,55.96,256.78,0,0,1,0.052
766,143.48,138.08,146.70,139.78,0,0,0,0.06
767,74.30,409.72,77.41,411.28,0,0,0,0.053
768,95.54,335.15,98.73,336.74,0,0,0,0.055
769,68.94,20.89,72.13,22.48,0,0,0,0.055
770,127.58,404.51,130.87,406.20,0,0,0,0.061
771,10.25,116.81,13.41,118.50,0,1,0,0.058
772,42.27,367.18,45.51,368.85,0,0,0,0.059
773,52.85,58.16,56.04,59.67,0,1,0,0.053
774,84.98,399.12,88.09,400.62,0,0,0,0.051
775,36.86,159.51,40.01,161.01,0,0,1,0.052
776,74.26,138.10,77.39,139.77,0,0,0,0.057
777,84.97,340.54,88.19,342.23,0,0,0,0.059
778,31.58,415.08,34.82,416.60,0,0,0,0.054
779,143.45,196.70,146.68,198.27,0,0,0,0.055
780,186.02,10.42,189.20,11.99,0,0,0,0.055
781,36.91,143.46,40.18,144.97,0,1,0,0.054
782,95.47,239.36,98.67,241.05,0,1,0,0.059
783,170.09,212.64,173.28,214.16,0,1,0,0.053
784,84.99,276.65,88.20,278.22,0,0,0,0.055
785,159.39,356.42,162.64,358.03,0,0,0,0.057
786,68.85,212.81,71.97,214.46,0,1,1,0.056
787,63.63,271.36,66.75,272.87,0,0,1,0.052
788,84.95,58.31,88.14,59.82,0,0,0,0.053
789,74.28,143.43,77.56,145.08,0,0,0,0.059
790,79.54,356.51,82.75,358.12,0,0,0,0.056
791,26.28,319.29,29.57,320.86,0,0,0,0.056
792,58.34,47.62,61.62,49.25,0,1,0,0.059
793,26.23,15.62,29.49,17.19,0,0,0,0.056
794,122.13,250.05,125.25,251.70,0,0,0,0.056
795,10.33,106.11,13.56,107.62,0,0,0,0.054
796,84.85,250.05,88.07,251.72,0,0,0,0.058
797,175.52,388.47,178.75,390.06,0,0,0,0.056
798,74.32,239.42,77.50,241.06,0,0,1,0.057
799,154.09,217.94,157.38,219.45,0,1,0,0.054
800,20.93,122.22,24.19,123.89,0,0,0,0.059
801,90.17,367.09,93.42,368.73,0,0,0,0.058
802,138.20,367.21,141.48,368.71,0,0,0,0.054
803,21.03,68.89,24.24,70.46,0,0,0,0.055
804,143.56,271.27,146.74,272.88,0,0,0,0.056
805,132.76,409.82,135.90,411.35,0,0,0,0.053
806,159.48,37.00,162.63,38.57,0,0,0,0.054
807,154.03,79.63,157.18,81.30,0,0,0,0.058
808,31.60,388.51,34.85,390.17,0,0,0,0.059
809,37.01,106.16,40.24,107.74,0,1,0,0.056
810,106.23,154.15,109.43,155.84,0,0,0,0.059
811,31.65,47.71,34.82,49.40,0,0,0,0.059
812,159.46,127.57,162.68,129.08,0,0,0,0.053
813,170.15,329.92,173.40,331.53,0,0,0,0.057
814,132.73,383.08,135.94,384.78,0,0,0,0.059
815,42.25,212.66,45.45,214.20,0,0,1,0.054
816,170.01,372.59,173.15,374.22,0,0,0,0.056
817,15.69,265.96,18.82,267.62,0,0,0,0.057
818,36.98,308.66,40.24,310.23,0,0,0,0.056
819,47.59,132.90,50.82,134.44,0,0,0,0.054
820,127.43,58.20,130.57,59.80,0,0,0,0.055
821,180.75,15.60,183.98,17.10,0,0,0,0.053
822,90.19,415.18,93.43,416.68,0,0,0,0.053
823,58.21,367.19,61.33,368.88,0,0,0,0.058
824,111.49,84.90,114.78,86.42,0,0,0,0.055
825,138.22,287.28,141.49,288.79,0,0,0,0.054
826,31.57,10.34,34.70,11.93,0,0,0,0.055
827,100.82,329.96,104.04,331.52,0,0,0,0.055
828,95.64,292.54,98.93,294.18,0,0,0,0.059
829,159.51,399.06,162.78,400.58,0,0,0,0.054
830,20.91,127.46,24.19,129.05,0,0,0,0.057
831,21.05,132.78,24.18,134.37,0,0,0,0.055
832,143.52,47.60,146.77,49.17,0,0,0,0.056
833,138.19,319.18,141.42,320.74,0,0,0,0.055
834,26.23,68.97,29.53,70.62,0,0,0,0.059
835,159.43,345.79,162.54,347.49,0,0,0,0.058
836,10.25,180.82,13.43,182.35,0,0,0,0.053
837,154.04,52.99,157.18,54.69,0,1,0,0.058
838,47.59,228.66,50.80,230.29,0,0,1,0.057
839,20.92,100.92,24.13,102.45,0,0,0,0.054
840,52.99,345.93,56.26,347.58,0,1,0,0.059
841,154.13,47.62,157.33,49.18,0,0,0,0.054
842,53.01,319.15,56.14,320.65,0,1,0,0.052
843,84.93,244.60,88.09,246.15,0,0,0,0.054
844,164.70,361.75,167.81,363.37,0,0,0,0.055
845,138.09,180.72,141.35,182.37,0,0,0,0.059
846,95.51,79.54,98.66,81.08,0,0,0,0.053
847,47.52,313.97,50.75,315.53,0,1,0,0.055
848,52.84,191.36,55.95,192.87,0,0,1,0.052
849,84.93,324.59,88.13,326.28,0,0,0,0.059
850,116.84,207.48,120.00,209.07,0,0,0,0.055
851,95.58,100.90,98.74,102.46,0,0,0,0.054
852,74.31,5.08,77.53,6.67,0,0,0,0.056
853,79.52,297.96,82.71,299.59,0,0,0,0.057
854,79.55,377.79,82.70,379.37,0,0,0,0.055
855,31.58,377.89,34.83,379.53,0,0,0,0.058
856,111.52,292.53,114.68,294.05,0,0,0,0.053
857,122.21,297.90,125.32,299.44,0,0,0,0.053
858,170.11,10.41,173.30,12.06,0,0,0,0.058
859,132.76,26.34,135.93,27.90,0,0,0,0.054
860,5.05,404.35,8.20,405.94,0,1,0,0.055
861,127.45,84.82,130.60,86.41,0,0,0,0.055
862,159.47,361.74,162.63,363.38,0,0,0,0.057
863,84.96,116.80,88.25,118.44,0,0,0,0.059
864,127.45,36.89,130.69,38.52,0,0,0,0.058
865,84.96,345.84,88.23,347.53,0,0,0,0.06
866,159.49,143.49,162.67,145.17,0,0,0,0.059
867,116.83,154.14,120.00,155.75,0,0,0,0.056
868,127.47,138.10,130.70,139.72,0,0,0,0.057
869,68.92,335.26,72.08,336.90,0,0,0,0.057
870,180.77,367.09,183.91,368.77,0,0,0,0.058
871,106.18,308.55,109.39,310.10,0,0,0,0.055
872,175.44,234.11,178.60,235.64,0,0,0,0.053
873,175.41,207.31,178.53,208.82,0,0,0,0.052
874,36.87,218.04,40.10,219.70,0,0,1,0.058
875,127.54,63.56,130.84,65.12,0,0,0,0.056
876,26.23,329.82,29.45,331.38,0,0,0,0.055
877,63.59,388.45,66.85,390.13,0,0,0,0.059
878,26.22,404.39,29.42,405.92,0,0,0,0.054
879,58.17,351.23,61.36,352.83,0,1,0,0.056
880,84.90,313.94,88.18,315.56,0,0,0,0.058
881,68.83,367.21,72.12,368.83,0,0,0,0.058
882,148.75,292.58,152.04,294.21,0,0,0,0.059
883,122.07,228.62,125.25,230.13,0,0,0,0.053
884,42.29,47.59,45.48,49.11,0,0,0,0.053
885,47.56,58.22,50.84,59.86,0,1,0,0.058
886,143.51,164.73,146.66,166.25,0,0,0,0.052
887,95.55,84.82,98.77,86.39,0,0,0,0.055
888,79.56,159.37,82.73,161.07,0,1,1,0.059
889,63.60,138.08,66.90,139.63,0,0,0,0.056
890,68.91,175.44,72.20,177.11,0,1,1,0.06
891,68.93,239.43,72.16,240.99,0,0,1,0.055
892,143.46,212.77,146.59,214.47,0,0,0,0.058
893,116.76,180.72,119.91,182.24,0,0,0,0.052
894,5.03,393.83,8.15,395.41,0,0,0,0.054
895,68.95,42.24,72.22,43.81,0,0,0,0.056
896,164.85,217.96,168.10,219.59,0,1,0,0.058
897,138.13,260.60,141.25,262.23,0,0,0,0.056
898,42.33,154.21,45.60,155.74,0,0,0,0.055
899,20.98,143.49,24.12,145.15,0,1,0,0.057
900,36.96,234.02,40.15,235.66,0,0,1,0.057
901,10.24,292.64,13.46,294.18,0,0,0,0.054
902,154.19,42.29,157.40,43.84,0,0,0,0.054
903,26.24,239.42,29.44,241.12,0,0,1,0.059
904,180.74,250.00,183.89,251.62,0,0,0,0.056
905,116.87,324.59,120.02,326.15,0,0,0,0.054
906,164.82,26.25,167.93,27.91,0,0,0,0.057
907,15.72,100.94,18.88,102.52,0,0,0,0.055
908,79.58,31.67,82.69,33.33,0,0,0,0.056
909,58.30,106.24,61.58,107.79,0,1,0,0.056
910,42.33,26.38,45.52,27.97,0,1,0,0.055
911,154.20,335.22,157.49,336.79,0,0,0,0.057
912,21.05,319.28,24.19,320.80,0,0,0,0.052
913,100.89,335.11,104.02,336.68,0,1,0,0.054
914,4.99,303.24,8.17,304.84,0,1,0,0.056
915,26.23,79.51,29.36,81.16,0,0,0,0.057
916,4.91,319.21,8.06,320.81,0,1,0,0.055
917,5.01,95.51,8.16,97.21,0,0,0,0.059
918,58.24,138.09,61.48,139.76,0,0,0,0.059
919,42.34,345.84,45.49,347.46,0,0,0,0.056
920,37.00,26.28,40.27,27.78,0,0,0,0.054
921,36.87,271.22,40.14,272.74,0,0,1,0.054
922,164.85,31.72,168.06,33.31,0,0,0,0.056
923,127.40,95.49,130.63,97.04,0,1,0,0.055
924,74.27,42.30,77.41,43.98,0,0,0,0.058
925,132.74,399.05,135.86,400.66,0,0,0,0.055
926,154.03,234.01,157.26,235.56,0,0,0,0.055
927,143.38,265.95,146.57,267.52,0,0,0,0.055
928,186.18,5.08,189.31,6.73,0,0,0,0.057
929,116.85,122.12,120.00,123.80,0,0,0,0.058
930,47.62,10.34,50.91,11.90,0,0,0,0.056
931,90.24,10.29,93.49,11.96,0,0,0,0.059
932,175.41,319.29,178.55,320.97,0,1,0,0.058
933,84.96,196.65,88.17,198.32,0,0,0,0.059
934,170.11,202.04,173.21,203.60,0,0,0,0.053
935,127.55,15.64,130.82,17.34,0,0,0,0.06
936,36.91,372.57,40.19,374.20,0,0,0,0.058
937,68.89,53.00,72.06,54.59,0,0,0,0.055
938,154.22,249.94,157.34,251.52,0,0,0,0.054
939,47.70,191.44,50.95,192.96,0,0,1,0.054
940,84.92,297.89,88.04,299.57,0,0,0,0.057
941,31.64,313.82,34.85,315.45,0,0,0,0.057
942,31.67,276.59,34.77,278.28,0,0,1,0.058
943,90.15,372.54,93.27,374.09,0,0,0,0.053
944,154.11,228.62,157.28,230.25,0,1,0,0.057
945,58.21,212.66,61.32,214.18,0,0,1,0.052
946,20.99,47.66,24.09,49.30,0,0,0,0.056
947,42.34,164.69,45.56,166.22,0,0,1,0.054
948,79.60,148.89,82.73,150.55,0,0,0,0.057
949,79.55,351.27,82.84,352.97,0,0,0,0.061
950,180.74,404.53,183.98,406.21,0,0,0,0.06
951,63.51,4.92,66.65,6.43,0,1,0,0.052
952,31.54,265.91,34.73,267.47,0,0,1,0.055
953,4.98,74.22,8.08,75.77,0,0,0,0.053
954,186.13,287.24,189.34,288.74,0,0,0,0.053
955,20.97,15.64,24.25,17.16,0,0,0,0.054
956,127.42,383.13,130.59,384.75,0,1,0,0.056
957,170.17,249.95,173.27,251.58,0,0,0,0.056
958,122.22,143.54,125.40,145.05,0,0,0,0.053
959,111.56,217.97,114.79,219.66,0,0,0,0.059
960,79.60,266.01,82.89,267.58,0,0,1,0.056
961,26.29,276.52,29.49,278.18,0,0,1,0.058
962,132.76,170.19,135.98,171.87,0,0,0,0.059
963,159.40,90.30,162.58,91.92,0,0,0,0.056
964,63.61,90.28,66.75,91.92,0,1,0,0.057
965,36.87,345.78,40.01,347.32,0,0,0,0.053
966,164.87,186.17,168.06,187.74,0,0,0,0.055
967,186.07,207.31,189.37,208.99,0,1,0,0.06
968,74.19,356.46,77.34,358.14,0,1,0,0.058
969,132.84,372.55,136.07,374.08,0,0,0,0.054
970,186.14,68.97,189.37,70.58,0,0,0,0.057
971,186.09,415.01,189.31,416.55,0,0,0,0.054
972,20.97,276.64,24.16,278.26,0,0,1,0.056
973,186.06,175.48,189.35,177.17,0,0,0,0.06
974,148.85,319.13,152.08,320.78,0,0,0,0.058
975,15.67,4.97,18.77,6.66,0,0,0,0.057
976,5.07,175.43,8.29,176.97,0,1,0,0.054
977,154.22,303.17,157.47,304.67,0,0,0,0.053
978,4.93,90.19,8.05,91.82,0,1,0,0.056
979,4.93,335.28,8.08,336.93,0,0,0,0.057
980,31.64,271.39,34.80,273.04,0,0,1,0.057
981,186.05,324.50,189.32,326.18,0,0,0,0.06
982,138.08,159.47,141.30,160.97,0,0,0,0.053
983,58.34,223.44,61.47,224.99,0,1,1,0.053
984,100.85,377.88,104.04,379.38,0,1,0,0.052
985,186.13,217.98,189.30,219.54,0,1,0,0.054
986,111.59,351.25,114.77,352.78,0,1,0,0.053
987,15.58,234.01,18.82,235.71,0,1,0,0.06
988,186.04,361.89,189.27,363.48,0,0,0,0.056
989,170.06,303.22,173.17,304.82,0,1,0,0.054
990,69.00,15.66,72.13,17.24,0,0,0,0.054
991,74.25,202.14,77.48,203.69,0,0,1,0.055
992,42.33,191.37,45.44,192.89,0,0,1,0.052
993,47.66,276.57,50.91,278.07,0,0,1,0.053
994,37.01,399.02,40.30,400.55,0,0,0,0.055
995,122.22,324.57,125.43,326.14,0,0,0,0.055
996,175.41,329.79,178.59,331.35,0,0,0,0.054
997,74.15,36.89,77.28,38.39,0,0,0,0.052
998,63.65,308.65,66.79,310.17,0,0,0,0.052
999,84.91,260.61,88.20,262.12,0,1,0,0.054
1000,180.70,399.11,183.98,400.67,0,0,0,0.056
1001,106.14,15.57,109.41,17.20,0,0,0,0.058
1002,84.92,68.96,88.13,70.66,0,0,0,0.06
1003,143.43,58.31,146.59,59.82,0,0,0,0.052
1004,36.93,383.16,40.16,384.84,0,0,0,0.06
1005,79.50,42.35,82.68,43.88,0,1,0,0.053
1006,63.56,68.92,66.85,70.47,0,1,0,0.056
1007,138.12,196.81,141.29,198.47,0,0,0,0.058
1008,52.88,10.32,56.07,11.94,0,0,0,0.057
1009,143.50,175.52,146.80,177.05,0,0,0,0.055
1010,47.55,100.88,50.71,102.47,0,0,0,0.055
1011,164.79,372.46,168.05,374.00,0,0,0,0.055
1012,143.37,159.50,146.63,161.20,0,0,0,0.06
1013,154.04,281.94,157.29,283.50,0,0,0,0.055
1014,74.23,116.84,77.40,118.38,0,1,0,0.053
1015,15.66,361.92,18.78,363.53,0,0,0,0.055
1016,90.14,202.11,93.28,203.74,0,0,0,0.056
1017,79.52,143.44,82.70,145.02,0,0,0,0.055
1018,106.11,180.85,109.31,182.44,0,0,0,0.056
1019,58.29,260.66,61.49,262.34,0,0,1,0.059
1020,116.80,127.53,120.01,129.19,0,0,0,0.058
1021,170.09,170.01,173.22,171.69,0,0,0,0.058
1022,154.09,196.73,157.37,198.36,0,0,0,0.058
1023,63.57,63.55,66.80,65.11,0,0,0,0.055
1024,132.89,95.50,136.18,97.13,0,0,0,0.058
1025,53.02,90.31,56.25,91.85,0,0,0,0.054
1026,52.90,399.06,56.06,400.70,0,0,0,0.057
1027,63.59,26.21,66.87,27.88,0,0,0,0.06
1028,106.29,250.09,109.55,251.62,0,0,0,0.055
1029,58.25,26.22,61.54,27.75,0,1,0,0.055
1030,106.22,111.47,109.39,112.97,0,0,0,0.052
1031,20.99,388.40,24.29,389.91,0,0,0,0.054
1032,21.05,37.04,24.32,38.71,0,0,0,0.06
1033,10.38,154.20,13.49,155.81,0,0,0,0.055
1034,95.54,244.60,98.83,246.18,0,0,0,0.057
1035,180.82,372.41,184.09,374.06,0,0,0,0.059
1036,186.04,239.25,189.30,240.90,0,0,0,0.059
1037,138.10,106.18,141.32,107.72,0,0,0,0.054
1038,164.70,393.76,167.92,395.27,0,0,0,0.053
1039,63.61,191.41,66.71,193.04,0,0,1,0.055
1040,68.91,250.06,72.08,251.61,0,0,1,0.054
1041,63.65,228.73,66.91,230.41,0,0,1,0.06
1042,74.23,345.79,77.46,347.45,0,0,0,0.059
1043,42.36,239.38,45.61,240.96,0,0,1,0.056
1044,186.09,47.68,189.30,49.38,0,0,0,0.06
1045,10.23,90.23,13.43,91.74,0,0,0,0.053
1046,122.24,393.80,125.45,395.44,0,0,0,0.058
1047,154.13,58.33,157.38,59.98,0,1,0,0.059
1048,186.05,15.74,189.32,17.43,0,1,0,0.06
1049,4.98,5.05,8.19,6.58,0,1,0,0.054
1050,52.84,143.41,55.96,145.01,0,1,0,0.055
1051,37.00,367.17,40.11,368.83,0,1,0,0.057
1052,180.72,10.26,183.97,11.82,0,0,0,0.056
1053,68.97,266.04,72.10,267.58,0,0,1,0.053
1054,143.46,52.89,146.75,54.50,0,0,0,0.058
1055,164.84,228.67,168.06,230.30,0,0,0,0.057
1056,20.99,52.92,24.18,54.60,0,0,0,0.059
1057,21.01,212.79,24.21,214.29,0,0,1,0.053
1058,127.49,228.77,130.64,230.30,0,0,0,0.053
1059,122.13,127.53,125.36,129.17,0,0,0,0.058
1060,127.53,74.28,130.81,75.94,0,0,0,0.059
1061,58.30,282.04,61.52,283.62,0,0,1,0.056
1062,58.35,292.57,61.62,294.21,0,0,1,0.059
1063,26.38,111.45,29.55,113.00,0,1,0,0.054
1064,159.50,250.07,162.71,251.58,0,0,0,0.053
1065,5.06,297.86,8.20,299.55,0,0,0,0.058
1066,84.80,239.41,87.95,241.03,0,0,0,0.056
1067,5.06,84.85,8.29,86.51,0,1,0,0.058
1068,116.88,42.34,120.10,44.03,0,0,0,0.06
1069,175.46,36.87,178.70,38.49,0,0,0,0.057
1070,42.19,74.14,45.33,75.71,0,0,0,0.054
1071,159.38,79.47,162.51,80.97,0,1,0,0.052
1072,63.68,281.93,66.84,283.44,0,0,1,0.052
1073,127.40,116.78,130.50,118.37,0,0,0,0.054
1074,164.75,399.07,167.90,400.60,0,1,0,0.053
1075,5.00,313.94,8.17,315.44,0,0,0,0.052
1076,148.71,367.10,151.91,368.62,0,1,0,0.053
1077,106.23,31.70,109.44,33.37,0,0,0,0.059
1078,170.09,340.44,173.36,342.02,0,0,0,0.056
1079,31.62,281.95,34.90,283.49,0,0,1,0.055
1080,100.86,111.59,104.06,113.27,0,1,0,0.059
1081,154.13,308.60,157.33,310.17,0,0,0,0.055
1082,74.15,260.62,77.37,262.17,0,0,1,0.055
1083,63.65,116.93,66.93,118.60,0,1,0,0.059
1084,63.61,31.56,66.73,33.18,0,0,0,0.055
1085,90.25,159.47,93.43,161.07,0,0,0,0.056
1086,10.25,308.59,13.50,310.20,0,0,0,0.057
1087,127.49,100.96,130.68,102.65,0,0,0,0.059
1088,10.33,377.77,13.45,379.28,0,0,0,0.052
1089,143.39,20.92,146.53,22.62,0,0,0,0.058
1090,127.41,340.50,130.52,342.17,0,1,0,0.057
1091,90.16,164.73,93.43,166.27,0,0,0,0.055
1092,20.89,20.91,24.08,22.55,0,0,0,0.057
1093,31.72,68.92,34.84,70.59,0,0,0,0.057
1094,186.18,36.94,189.34,38.62,0,1,0,0.058
1095,47.58,255.35,50.78,256.95,0,0,1,0.056
1096,95.45,63.55,98.62,65.24,0,1,0,0.059
1097,122.15,265.96,125.41,267.49,0,0,0,0.055
1098,127.43,122.09,130.67,123.59,0,0,0,0.053
1099,31.64,186.18,34.78,187.80,0,0,1,0.056
1100,164.69,345.87,167.83,347.39,0,0,0,0.052
1101,90.19,287.26,93.36,288.93,0,0,0,0.058
1102,79.58,36.89,82.75,38.59,0,0,0,0.059
1103,95.47,95.48,98.59,97.16,0,0,0,0.058
1104,127.48,132.83,130.77,134.52,0,0,0,0.061
1105,68.90,143.40,72.01,145.06,0,0,0,0.057
1106,122.19,68.97,125.44,70.51,0,0,0,0.055
1107,185.98,74.33,189.24,75.94,0,0,0,0.057
1108,63.60,372.48,66.84,374.06,0,0,0,0.056
1109,52.84,239.43,56.04,240.96,0,0,1,0.054
1110,5.02,202.04,8.23,203.62,0,0,0,0.055
1111,95.53,255.34,98.68,256.94,0,0,0,0.055
1112,90.12,249.99,93.26,251.65,0,0,0,0.057
1113,36.95,265.93,40.06,267.62,0,0,1,0.058
1114,180.71,180.80,183.88,182.40,0,1,0,0.056
1115,111.56,335.11,114.74,336.77,0,1,0,0.058
1116,31.73,4.95,34.90,6.59,0,0,0,0.057
1117,127.52,367.26,130.71,368.83,0,0,0,0.055
1118,68.82,308.54,71.95,310.07,0,0,0,0.052
1119,4.95,21.05,8.06,22.68,0,0,0,0.055
1120,100.86,154.07,104.05,155.62,0,1,0,0.054
1121,186.08,276.72,189.23,278.25,0,0,0,0.053
1122,20.99,345.84,24.13,347.51,0,0,0,0.057
1123,159.50,186.06,162.70,187.74,0,0,0,0.059
1124,138.11,415.12,141.33,416.76,0,0,0,0.058
1125,36.89,90.13,40.13,91.80,0,0,0,0.059
1126,84.89,31.67,88.10,33.20,0,0,0,0.054
1127,122.18,63.57,125.43,65.09,0,0,0,0.054
1128,122.21,111.46,125.33,112.97,0,0,0,0.051
1129,175.46,52.88,178.72,54.54,0,0,0,0.059
1130,84.82,84.91,88.06,86.57,0,0,0,0.059
1131,154.04,393.88,157.17,395.40,0,0,0,0.052
1132,58.25,52.86,61.40,54.37,0,0,0,0.052
1133,79.47,372.49,82.74,374.15,0,0,0,0.059
1134,10.23,132.80,13.51,134.46,0,0,0,0.059
1135,106.24,319.20,109.38,320.89,0,1,0,0.058
1136,116.79,90.26,120.01,91.89,0,0,0,0.058
1137,26.34,148.71,29.50,150.35,0,0,0,0.057
1138,100.93,138.21,104.20,139.73,0,0,0,0.054
1139,26.24,116.88,29.42,118.49,0,0,0,0.056
1140,164.86,212.64,168.04,214.28,0,1,0,0.057
1141,100.93,175.34,104.05,177.04,0,0,0,0.058
1142,10.36,228.77,13.61,230.46,0,1,0,0.06
1143,175.48,367.24,178.71,368.76,0,0,0,0.054
1144,63.55,74.26,66.72,75.81,0,0,0,0.054
1145,148.71,148.82,151.91,150.42,0,1,0,0.056
1146,138.21,36.87,141.38,38.49,0,0,0,0.057
1147,116.89,340.60,120.03,342.25,0,0,0,0.057
1148,95.61,74.15,98.86,75.78,0,0,0,0.058
1149,143.38,111.53,146.64,113.11,0,0,0,0.056
1150,111.59,361.88,114.78,363.43,0,1,0,0.054
1151,154.10,287.37,157.24,288.92,0,0,0,0.053
1152,79.55,5.08,82.67,6.70,0,0,0,0.055
1153,159.35,68.93,162.53,70.48,0,0,0,0.054
1154,175.51,276.56,178.67,278.20,0,0,0,0.057
1155,36.99,276.71,40.23,278.37,0,0,1,0.059
1156,10.23,361.91,13.34,363.47,0,0,0,0.053
1157,95.50,180.71,98.75,182.31,0,0,0,0.057
1158,52.84,249.95,56.01,251.47,0,0,1,0.052
1159,68.86,191.38,71.97,193.08,0,0,1,0.058
1160,58.29,383.18,61.42,384.71,0,0,0,0.053
1161,154.19,74.16,157.35,75.78,0,1,0,0.056
1162,132.79,228.62,136.01,230.26,0,0,0,0.058
1163,164.83,260.66,168.03,262.27,0,0,0,0.056
1164,122.22,207.46,125.42,209.14,0,0,0,0.059
1165,148.84,58.36,151.99,59.97,0,0,0,0.056
1166,10.23,100.92,13.52,102.56,0,0,0,0.059
1167,90.25,404.36,93.45,406.05,0,0,0,0.059
1168,37.00,228.77,40.27,230.46,0,0,1,0.061
1169,170.14,345.85,173.40,347.50,0,0,0,0.059
1170,100.79,202.04,103.90,203.68,0,0,0,0.056
1171,47.60,345.78,50.84,347.36,0,0,0,0.056
1172,58.19,345.92,61.37,347.58,0,0,0,0.058
1173,52.86,244.59,55.97,246.13,0,0,1,0.052
1174,74.24,207.32,77.37,208.96,0,0,1,0.056
1175,53.03,170.16,56.16,171.69,0,0,1,0.053
1176,143.55,351.26,146.70,352.87,0,0,0,0.056
1177,36.92,132.74,40.16,134.31,0,0,0,0.056
1178,100.88,223.39,104.15,225.02,0,0,0,0.058
1179,58.17,175.50,61.34,177.18,0,1,1,0.058
1180,148.80,260.68,151.97,262.32,0,1,0,0.057
1181,100.79,10.25,104.02,11.76,0,1,0,0.054
1182,186.14,228.77,189.42,230.32,0,0,0,0.055
1183,63.50,180.74,66.70,182.40,0,1,1,0.058
1184,84.92,111.50,88.05,113.12,0,0,0,0.056
1185,47.57,324.62,50.70,326.18,0,0,0,0.054
1186,138.07,21.00,141.24,22.60,0,1,0,0.056
1187,186.07,399.13,189.31,400.81,0,0,0,0.06
1188,90.19,329.90,93.36,331.59,0,0,0,0.059
1189,116.80,303.29,119.96,304.82,0,0,0,0.053
1190,90.13,223.37,93.29,224.97,0,1,0,0.055
1191,138.24,175.46,141.39,176.97,0,0,0,0.052
1192,15.61,122.26,18.73,123.91,0,0,0,0.056
1193,84.94,356.55,88.15,358.24,0,0,0,0.06
1194,116.91,265.88,120.08,267.46,0,0,0,0.055
1195,58.34,228.73,61.61,230.33,0,0,1,0.057
1196,42.34,313.97,45.59,315.52,0,0,0,0.055
1197,20.95,79.59,24.20,81.13,0,1,0,0.055
1198,15.58,351.21,18.72,352.85,0,0,0,0.056
1199,164.73,383.08,167.91,384.73,0,1,0,0.057
1200,148.74,287.34,151.97,288.87,0,0,0,0.054
1201,58.33,111.52,61.53,113.21,0,0,0,0.059
1202,31.57,74.27,34.74,75.83,0,0,0,0.054
1203,84.91,202.07,88.17,203.64,0,0,0,0.056
1204,138.14,324.55,141.37,326.21,0,0,0,0.059
1205,111.46,287.35,114.61,289.04,0,0,0,0.058
1206,143.51,287.35,146.74,288.89,0,0,0,0.054
1207,74.28,372.56,77.44,374.13,0,0,0,0.054
1208,58.26,95.50,61.37,97.18,0,0,0,0.057
1209,138.11,100.85,141.34,102.53,0,0,0,0.059
1210,170.20,377.83,173.32,379.47,0,0,0,0.056
1211,58.20,244.62,61.32,246.17,0,0,1,0.053
1212,37.02,52.91,40.32,54.59,0,0,0,0.06
1213,106.27,159.37,109.48,160.99,0,0,0,0.057
1214,20.91,234.08,24.09,235.63,0,1,1,0.054
1215,31.66,404.51,34.79,406.08,0,0,0,0.054
1216,53.00,159.37,56.29,161.02,0,1,1,0.059
1217,26.33,324.66,29.49,326.19,0,0,0,0.053
1218,127.56,282.00,130.85,283.58,0,0,0,0.057
1219,68.85,404.42,72.13,405.94,0,0,0,0.054
1220,20.97,154.19,24.13,155.79,0,0,0,0.055
1221,5.08,122.16,8.26,123.67,0,0,0,0.053
1222,79.56,58.20,82.80,59.76,0,1,0,0.055
1223,175.33,308.67,178.58,310.23,0,0,0,0.055
1224,90.28,228.72,93.41,230.31,0,0,0,0.055
1225,127.40,21.07,130.60,22.62,0,0,0,0.054
1226,186.14,164.70,189.29,166.25,0,0,0,0.054
1227,58.33,58.34,61.45,59.94,0,0,0,0.055
1228,20.90,340.55,24.15,342.06,0,0,0,0.054
1229,20.96,95.50,24.09,97.03,0,0,0,0.053
1230,175.35,372.51,178.62,374.04,0,0,0,0.055
1231,26.36,409.87,29.56,411.42,0,0,0,0.054
1232,36.89,324.58,40.14,326.16,0,0,0,0.056
1233,47.61,372.50,50.71,374.08,0,0,0,0.054
1234,143.47,36.90,146.71,38.56,0,1,0,0.059
1235,58.34,329.95,61.64,331.52,0,1,0,0.056
1236,42.29,409.71,45.53,411.41,0,0,0,0.06
1237,170.08,404.55,173.29,406.19,0,0,0,0.058
1238,154.07,351.26,157.27,352.83,0,0,0,0.055
1239,186.18,154.22,189.37,155.77,0,1,0,0.054
1240,95.57,308.65,98.72,310.34,0,0,0,0.058
1241,74.27,255.40,77.47,256.95,0,0,1,0.054
1242,138.06,383.05,141.17,384.57,0,0,0,0.052
1243,180.72,186.01,183.89,187.62,0,0,0,0.056
1244,132.79,31.64,136.08,33.25,0,0,0,0.058
1245,52.94,106.18,56.12,107.80,0,0,0,0.056
1246,106.14,271.37,109.38,272.98,0,1,0,0.057
1247,106.26,170.01,109.41,171.54,0,0,0,0.053
1248,68.88,409.79,72.13,411.41,0,0,0,0.057
1249,132.80,15.70,135.96,17.28,0,0,0,0.055
1250,31.61,90.25,34.77,91.79,0,0,0,0.053
1251,58.24,191.48,61.49,193.15,0,0,1,0.059
1252,154.03,5.05,157.25,6.58,0,0,0,0.054
1253,122.25,191.33,125.55,192.86,0,1,0,0.055
1254,31.63,292.55,34.87,294.09,0,0,1,0.055
1255,106.15,138.10,109.25,139.69,0,0,0,0.054
1256,186.07,84.84,189.19,86.36,0,0,0,0.052
1257,42.24,202.07,45.52,203.57,0,1,1,0.054
1258,106.11,202.11,109.36,203.64,0,0,0,0.054
1259,116.85,111.43,120.04,112.98,0,1,0,0.054
1260,164.72,127.42,167.88,128.92,0,0,0,0.052
1261,100.90,218.05,104.09,219.60,0,0,0,0.054
1262,79.60,52.98,82.81,54.49,0,0,0,0.053
1263,21.07,313.95,24.25,315.60,0,1,0,0.057
1264,5.08,15.57,8.30,17.15,0,0,0,0.056
1265,47.51,138.07,50.66,139.76,0,0,0,0.058
1266,15.72,53.02,18.88,54.55,0,0,0,0.053
1267,26.25,260.60,29.42,262.27,0,0,1,0.058
1268,122.19,148.79,125.38,150.45,0,0,0,0.058
1269,138.20,207.48,141.34,209.12,0,0,0,0.056
1270,90.16,4.95,93.32,6.61,0,0,0,0.058
1271,47.55,393.89,50.85,395.53,0,0,0,0.059
1272,10.30,388.46,13.55,390.06,0,0,0,0.057
1273,116.84,372.55,120.01,374.24,0,0,0,0.059
1274,180.83,282.04,183.96,283.59,0,0,0,0.053
1275,63.66,170.11,66.87,171.74,0,0,1,0.057
1276,84.98,233.98,88.20,235.53,0,1,0,0.054
1277,148.85,388.41,152.09,389.92,0,0,0,0.054
1278,154.20,404.35,157.49,405.91,0,0,0,0.056
1279,164.76,313.98,168.00,315.62,0,0,0,0.058
1280,122.17,159.55,125.33,161.11,0,0,0,0.054
1281,186.05,159.54,189.31,161.10,0,1,0,0.056
1282,36.95,122.23,40.17,123.76,0,0,0,0.054
1283,127.41,10.32,130.62,12.01,0,0,0,0.059
1284,68.98,393.85,72.11,395.37,0,0,0,0.052
1285,68.86,292.59,72.06,294.11,0,0,1,0.053
1286,154.08,260.63,157.24,262.25,0,0,0,0.056
1287,143.57,244.74,146.86,246.34,0,0,0,0.058
1288,116.94,5.07,120.14,6.68,0,0,0,0.056
1289,15.70,127.42,18.84,129.02,0,1,0,0.055
1290,127.49,79.55,130.71,81.19,0,0,0,0.058
1291,116.82,164.85,120.08,166.44,0,0,0,0.057
1292,10.27,196.68,13.37,198.25,0,0,0,0.053
1293,180.79,100.79,184.03,102.47,0,0,0,0.06
1294,90.27,15.60,93.40,17.16,0,0,0,0.054
1295,186.01,111.48,189.29,113.00,0,0,0,0.054
1296,47.64,20.98,50.91,22.59,0,0,0,0.058
1297,164.81,303.34,168.08,304.91,0,1,0,0.056
1298,143.57,297.97,146.85,299.62,0,0,0,0.059
1299,148.73,10.40,151.94,11.97,0,0,0,0.055
1300,170.20,281.86,173.35,283.54,0,1,0,0.058
1301,42.33,361.80,45.44,363.47,0,0,0,0.057
1302,143.50,361.88,146.65,363.48,0,0,0,0.055
1303,79.47,68.93,82.70,70.55,0,0,0,0.057
1304,132.73,223.44,135.93,225.12,0,1,0,0.059
1305,15.58,297.95,18.88,299.50,0,0,0,0.056
1306,132.84,340.48,135.97,342.12,0,0,0,0.056
1307,148.71,84.99,152.00,86.57,0,0,0,0.057
1308,186.01,292.57,189.22,294.17,0,0,0,0.056
1309,159.45,111.47,162.75,113.07,0,0,0,0.057
1310,84.88,164.75,88.16,166.41,0,0,0,0.059
1311,164.70,191.32,167.90,193.01,0,0,0,0.059
1312,79.52,196.64,82.76,198.17,0,0,1,0.054
1313,100.88,383.24,104.02,384.76,0,0,0,0.052
1314,132.84,388.50,136.07,390.07,0,0,0,0.055
1315,21.02,31.67,24.26,33.32,0,0,0,0.058
1316,106.18,356.45,109.35,358.01,0,0,0,0.054
1317,132.90,281.86,136.10,283.43,0,0,0,0.055
1318,31.66,340.61,34.92,342.13,0,0,0,0.054
1319,116.76,319.13,120.01,320.75,0,0,0,0.058
1320,10.27,58.25,13.40,59.93,0,0,0,0.057
1321,58.33,143.42,61.54,144.94,0,1,0,0.053
1322,42.31,143.48,45.60,145.01,0,0,0,0.055
1323,111.60,303.31,114.79,304.93,0,0,0,0.057
1324,68.98,303.17,72.25,304.70,0,0,0,0.055
1325,42.35,265.96,45.60,267.47,0,0,1,0.054
1326,36.87,175.37,40.11,176.97,0,1,1,0.057
1327,47.59,127.41,50.72,128.93,0,0,0,0.052
1328,79.50,154.08,82.64,155.72,0,0,0,0.056
1329,122.13,287.31,125.33,288.91,0,0,0,0.056
1330,186.17,244.74,189.30,246.42,0,0,0,0.058
1331,148.81,212.73,152.11,214.42,0,0,0,0.061
1332,186.15,122.13,189.26,123.67,0,0,0,0.052
1333,10.26,335.18,13.47,336.86,0,0,0,0.059
1334,122.24,308.53,125.51,310.20,0,1,0,0.059
1335,90.14,122.16,93.27,123.84,0,0,0,0.058
1336,68.88,329.96,72.08,331.57,0,0,0,0.056
1337,95.50,159.42,98.74,160.93,0,1,0,0.053
1338,20.96,218.10,24.11,219.79,0,0,1,0.058
1339,154.03,143.53,157.17,145.05,0,0,0,0.052
1340,84.95,132.88,88.06,134.53,0,0,0,0.056
1341,95.62,15.61,98.85,17.21,0,0,0,0.056
1342,186.00,127.44,189.17,128.97,0,0,0,0.053
1343,26.21,127.54,29.42,129.20,0,1,0,0.058
1344,90.29,100.92,93.46,102.49,0,0,0,0.054
1345,175.51,196.75,178.70,198.38,0,0,0,0.057
1346,122.11,186.18,125.36,187.72,0,0,0,0.055
1347,90.25,63.52,93.51,65.12,0,0,0,0.057
1348,100.88,292.68,104.11,294.27,0,1,0,0.056
1349,15.70,207.29,18.84,208.93,0,0,0,0.056
1350,52.95,303.17,56.09,304.74,0,1,0,0.054
1351,138.10,388.53,141.29,390.16,0,0,0,0.057
1352,31.70,58.22,34.96,59.77,0,0,0,0.055
1353,90.19,409.78,93.33,411.39,0,0,0,0.056
1354,180.74,218.12,184.02,219.73,0,0,0,0.058
1355,47.69,84.93,50.98,86.46,0,0,0,0.055
1356,127.54,26.35,130.77,28.01,0,0,0,0.058
1357,186.10,388.48,189.35,390.13,0,0,0,0.059
1358,26.39,361.89,29.68,363.39,0,0,0,0.054
1359,42.28,186.09,45.40,187.61,0,0,1,0.052
1360,58.31,132.77,61.49,134.42,0,0,0,0.058
1361,132.85,164.87,136.11,166.47,0,0,0,0.057
1362,175.48,111.54,178.75,113.12,0,0,0,0.056
1363,100.92,265.94,104.13,267.56,0,0,0,0.057
1364,95.62,58.21,98.73,59.85,0,1,0,0.056
1365,100.81,196.76,104.04,198.44,0,0,0,0.059
1366,79.52,100.94,82.74,102.52,0,0,0,0.056
1367,106.23,68.92,109.35,70.48,0,0,0,0.053
1368,15.72,335.28,18.99,336.98,0,0,0,0.06
1369,180.78,42.36,184.03,43.91,0,0,0,0.055
1370,31.64,250.05,34.89,251.61,0,1,1,0.055
1371,63.54,377.76,66.83,379.36,0,0,0,0.058
1372,84.84,52.88,87.95,54.54,0,0,0,0.057
1373,15.69,84.94,18.98,86.52,0,0,0,0.057
1374,42.34,170.10,45.61,171.70,0,1,1,0.057
1375,122.20,26.40,125.48,27.96,0,0,0,0.056
1376,42.33,244.59,45.58,246.23,0,0,1,0.058
1377,79.55,399.18,82.73,400.75,0,0,0,0.055
1378,164.70,319.17,167.82,320.69,0,0,0,0.052
1379,26.28,244.63,29.44,246.15,0,1,1,0.053
1380,175.53,122.26,178.80,123.87,0,1,0,0.058
1381,31.67,260.64,34.83,262.28,0,0,1,0.057
1382,26.37,58.23,29.62,59.83,0,0,0,0.057
1383,122.21,74.17,125.38,75.70,0,0,0,0.053
1384,84.88,409.81,88.03,411.43,0,1,0,0.056
1385,170.16,260.72,173.39,262.22,0,0,0,0.053
1386,52.85,164.68,56.14,166.24,0,0,1,0.056
1387,170.03,180.68,173.25,182.19,0,0,0,0.053
1388,111.59,234.10,114.83,235.68,0,1,0,0.056
1389,63.59,239.25,66.87,240.92,0,0,1,0.06
1390,5.10,329.84,8.36,331.39,0,1,0,0.055
1391,127.45,356.45,130.70,358.12,0,0,0,0.059
1392,10.33,31.71,13.46,33.38,0,1,0,0.057
1393,79.51,308.54,82.77,310.16,0,1,0,0.058
1394,74.21,223.41,77.40,224.95,0,0,1,0.054
1395,111.53,239.32,114.63,240.98,0,1,0,0.056
1396,143.41,143.38,146.63,144.95,0,1,0,0.055
1397,122.10,42.34,125.24,43.97,0,0,0,0.056
1398,143.53,68.96,146.66,70.54,0,0,0,0.054
1399,127.47,111.49,130.65,113.10,0,0,0,0.056
1400,20.88,63.58,24.02,65.13,0,0,0,0.054
1401,58.30,308.63,61.44,310.28,0,1,0,0.057
1402,175.50,239.38,178.74,241.05,0,0,0,0.059
1403,31.63,143.42,34.93,144.94,0,1,0,0.055
1404,31.66,335.20,34.82,336.72,0,0,0,0.053
1405,10.34,319.24,13.56,320.94,0,0,0,0.06
1406,132.76,5.00,135.93,6.69,0,0,0,0.059
1407,180.77,20.89,183.89,22.54,0,0,0,0.057
1408,106.28,281.90,109.56,283.56,0,0,0,0.06
1409,148.73,26.38,151.87,27.95,0,0,0,0.054
1410,68.87,207.37,72.05,209.06,0,1,1,0.059
1411,159.36,31.61,162.56,33.21,0,0,0,0.056
1412,106.11,63.53,109.22,65.18,0,0,0,0.056
1413,164.75,409.81,167.98,411.48,0,0,0,0.059
1414,79.53,84.85,82.70,86.48,0,0,0,0.056
1415,95.58,367.08,98.87,368.76,0,0,0,0.06
1416,20.99,223.28,24.22,224.85,0,1,1,0.056
1417,31.61,383.15,34.85,384.74,0,0,0,0.056
1418,15.71,164.70,18.85,166.30,0,0,0,0.055
1419,143.42,148.72,146.66,150.36,0,0,0,0.058
1420,148.72,154.20,151.86,155.77,0,0,0,0.054
1421,31.73,345.80,34.92,347.48,0,0,0,0.059
1422,180.80,143.47,184.01,144.99,0,1,0,0.054
1423,69.01,372.46,72.22,374.09,0,0,0,0.057
1424,10.37,329.80,13.64,331.38,0,0,0,0.056
1425,47.64,399.16,50.75,400.71,0,0,0,0.053
1426,84.86,15.64,88.08,17.16,0,0,0,0.054
1427,111.47,345.84,114.72,347.40,0,1,0,0.055
1428,58.24,239.34,61.49,240.92,0,0,1,0.056
1429,58.19,271.30,61.47,272.81,0,0,1,0.054
1430,79.47,175.34,82.77,176.91,0,0,1,0.057
1431,42.30,116.93,45.58,118.58,0,1,0,0.059
1432,127.60,154.11,130.70,155.69,0,0,0,0.054
1433,42.25,58.25,45.48,59.89,0,0,0,0.058
1434,37.02,351.22,40.15,352.82,0,0,0,0.055
1435,90.18,276.64,93.35,278.17,0,0,0,0.053
1436,42.23,228.78,45.42,230.39,0,0,1,0.056
1437,26.29,84.97,29.55,86.63,0,1,0,0.059
1438,74.23,68.96,77.39,70.65,0,1,0,0.059
1439,132.82,308.58,135.92,310.14,0,0,0,0.053
1440,47.53,53.01,50.67,54.61,0,0,0,0.055
1441,79.55,335.28,82.73,336.82,0,1,0,0.053
1442,58.30,79.58,61.43,81.22,0,1,0,0.056
1443,10.39,250.04,13.58,251.58,0,0,0,0.054
1444,111.44,143.41,114.72,144.96,0,0,0,0.056
1445,116.76,404.53,119.89,406.09,0,0,0,0.054
1446,31.67,111.57,34.83,113.26,0,0,0,0.058
1447,63.49,351.19,66.79,352.71,0,0,0,0.055
1448,100.81,319.23,104.07,320.92,0,0,0,0.06
1449,79.49,47.55,82.73,49.19,0,0,0,0.058
1450,79.51,186.09,82.63,187.67,0,1,1,0.054
1451,111.46,36.89,114.58,38.54,0,1,0,0.056
1452,79.63,415.06,82.80,416.74,0,0,0,0.058
1453,95.52,154.18,98.82,155.81,0,1,0,0.059
1454,132.85,138.12,136.04,139.76,0,0,0,0.057
1455,170.13,351.26,173.26,352.89,0,0,0,0.056
1456,106.16,276.70,109.27,278.25,0,0,0,0.053
1457,15.57,388.51,18.87,390.21,0,1,0,0.061
1458,148.89,329.96,152.03,331.55,0,0,0,0.055
1459,21.01,111.46,24.20,112.96,0,0,0,0.052
1460,122.13,58.27,125.38,59.95,0,0,0,0.059
1461,68.88,351.27,72.05,352.95,0,0,0,0.058
1462,95.64,409.79,98.79,411.32,0,1,0,0.053
1463,170.10,308.66,173.31,310.18,0,0,0,0.054
1464,58.21,266.03,61.42,267.73,0,0,1,0.06
1465,79.53,383.17,82.77,384.86,0,0,0,0.06
1466,154.20,201.99,157.34,203.67,0,0,0,0.058
1467,52.95,15.56,56.07,17.08,0,0,0,0.052
1468,127.45,4.94,130.60,6.57,0,1,0,0.056
1469,95.55,356.57,98.76,358.19,0,0,0,0.057
1470,164.79,84.99,167.94,86.67,0,0,0,0.058
1471,42.27,36.92,45.53,38.42,0,0,0,0.054
1472,26.30,287.22,29.57,288.83,0,1,1,0.058
1473,5.03,372.46,8.24,373.97,0,1,0,0.053
1474,95.49,10.30,98.66,11.99,0,0,0,0.059
1475,26.40,212.75,29.58,214.32,0,1,1,0.055
1476,159.44,367.13,162.57,368.78,0,1,0,0.056
1477,127.58,106.10,130.85,107.80,0,0,0,0.061
1478,15.63,63.66,18.77,65.36,0,1,0,0.058
1479,111.59,116.90,114.73,118.59,0,0,0,0.058
1480,10.23,399.13,13.39,400.78,0,0,0,0.057
1481,175.36,132.89,178.58,134.54,0,0,0,0.058
1482,148.71,90.31,151.95,91.82,0,0,0,0.053
1483,4.97,111.52,8.27,113.21,0,0,0,0.061
1484,132.84,180.71,135.95,182.21,0,0,0,0.051
1485,52.84,127.49,56.02,129.06,0,0,0,0.055
1486,111.49,74.14,114.60,75.74,0,0,0,0.055
1487,95.54,191.48,98.66,193.11,0,1,0,0.056
1488,170.12,36.97,173.35,38.64,0,0,0,0.059
1489,170.04,244.72,173.15,246.32,0,0,0,0.054
1490,15.64,148.78,18.74,150.37,0,0,0,0.054
1491,132.82,207.48,136.10,209.11,0,0,0,0.058
1492,21.07,106.12,24.30,107.68,0,1,0,0.055
1493,15.60,356.48,18.76,358.04,0,1,0,0.054
1494,90.15,132.78,93.41,134.43,0,0,0,0.059
1495,74.14,329.91,77.35,331.57,0,1,0,0.058
1496,132.78,329.92,135.90,331.53,0,0,0,0.055
1497,63.64,159.45,66.80,161.00,0,0,1,0.053
1498,10.26,303.32,13.48,305.01,0,1,0,0.059
1499,175.40,383.11,178.59,384.62,0,0,0,0.053
1500,42.31,31.61,45.61,33.30,0,1,0,0.061
1501,58.18,388.38,61.38,389.88,0,1,0,0.053
1502,148.81,52.87,152.11,54.42,0,0,0,0.055
1503,42.34,308.62,45.56,310.18,0,1,0,0.055
1504,10.30,164.81,13.42,166.41,0,1,0,0.055
1505,15.75,324.65,18.94,326.22,0,0,0,0.055
1506,132.83,319.16,135.98,320.75,0,0,0,0.055
1507,186.06,132.79,189.36,134.40,0,0,0,0.058
1508,10.39,21.03,13.52,22.54,0,0,0,0.052
1509,122.16,233.98,125.38,235.49,0,0,0,0.053
1510,47.53,95.47,50.81,97.09,0,0,0,0.058
1511,148.72,100.86,151.93,102.47,0,0,0,0.056
1512,74.20,21.02,77.37,22.56,0,1,0,0.053
1513,159.45,388.42,162.72,389.98,0,1,0,0.056
1514,21.00,116.81,24.29,118.34,0,0,0,0.055
1515,132.82,314.00,135.97,315.64,0,0,0,0.057
1516,143.51,207.45,146.81,209.10,0,1,0,0.059
1517,52.95,175.47,56.24,177.15,0,0,1,0.06
1518,122.22,399.03,125.44,400.60,0,0,0,0.055
1519,154.06,170.06,157.29,171.76,0,0,0,0.06
1520,154.22,138.22,157.43,139.73,0,0,0,0.053
1521,52.86,68.86,55.97,70.39,0,0,0,0.052
1522,116.75,351.21,120.05,352.79,0,0,0,0.057
1523,68.96,388.50,72.17,390.19,0,0,0,0.059
1524,68.87,127.40,72.03,128.92,0,0,0,0.052
1525,26.28,74.22,29.53,75.73,0,0,0,0.054
1526,63.54,47.56,66.78,49.16,0,0,0,0.057
1527,175.46,313.86,178.74,315.41,0,0,0,0.055
1528,164.69,287.31,167.87,288.88,0,0,0,0.054
1529,106.16,260.59,109.33,262.14,0,1,0,0.054
1530,47.68,377.74,50.91,379.33,0,1,0,0.056
1531,122.20,383.21,125.43,384.73,0,1,0,0.054
1532,36.93,223.46,40.23,225.04,0,0,1,0.057
1533,84.96,212.63,88.15,214.26,0,0,0,0.057
1534,10.41,175.36,13.62,176.96,0,0,0,0.056
1535,148.81,361.74,152.10,363.37,0,0,0,0.059
1536,63.62,79.64,66.86,81.25,0,0,0,0.057
1537,79.61,15.56,82.75,17.12,0,0,0,0.054
1538,42.20,404.45,45.48,406.09,0,0,0,0.059
1539,106.29,324.48,109.41,326.02,0,0,0,0.053
1540,31.72,132.73,34.94,134.39,0,0,0,0.058
1541,159.52,95.46,162.67,97.05,0,0,0,0.055
1542,84.81,388.40,88.07,389.92,0,0,0,0.054
1543,175.39,79.49,178.54,81.02,0,0,0,0.053
1544,58.27,324.65,61.51,326.18,0,0,0,0.054
1545,74.30,383.06,77.55,384.72,0,0,0,0.059
1546,31.57,95.48,34.81,97.14,0,1,0,0.059
1547,164.87,202.08,168.07,203.77,0,0,0,0.059
1548,42.30,415.15,45.55,416.72,0,0,0,0.056
1549,26.26,383.07,29.54,384.76,0,0,0,0.06
1550,148.74,79.66,151.97,81.35,0,0,0,0.06
1551,143.48,10.24,146.68,11.78,0,0,0,0.054
1552,36.97,281.89,40.10,283.41,0,1,1,0.052
1553,52.96,36.87,56.14,38.42,0,1,0,0.054
1554,47.64,356.42,50.82,358.03,0,1,0,0.056
1555,132.83,356.51,136.03,358.13,0,0,0,0.057
1556,170.07,324.55,173.19,326.10,0,0,0,0.053
1557,154.19,95.61,157.32,97.20,0,1,0,0.055
1558,159.50,292.59,162.76,294.13,0,1,0,0.055
1559,47.52,106.12,50.66,107.69,0,0,0,0.054
1560,10.34,143.49,13.63,145.09,0,0,0,0.058
1561,154.12,409.77,157.32,411.45,0,0,0,0.059
1562,95.62,313.83,98.76,315.50,0,1,0,0.057
1563,186.09,52.97,189.28,54.65,0,0,0,0.059
1564,5.09,191.33,8.25,192.97,0,0,0,0.057
1565,159.39,393.74,162.62,395.42,0,0,0,0.059
1566,52.96,377.83,56.23,379.35,0,0,0,0.054
1567,79.53,122.17,82.82,123.70,0,0,0,0.055
1568,154.11,175.33,157.22,176.97,0,0,0,0.056
1569,95.62,377.74,98.87,379.35,0,1,0,0.057
1570,37.01,47.71,40.30,49.21,0,0,0,0.054
1571,143.46,276.57,146.71,278.14,0,1,0,0.056
1572,100.94,212.76,104.24,214.46,0,0,0,0.061
1573,5.09,260.68,8.36,262.29,0,1,0,0.058
1574,31.59,175.37,34.80,176.88,0,1,1,0.053
1575,154.14,31.72,157.41,33.36,0,0,0,0.059
1576,47.60,383.06,50.75,384.59,0,0,0,0.053
1577,21.04,90.12,24.28,91.68,0,0,0,0.055
1578,164.86,4.98,167.97,6.51,0,0,0,0.052
1579,127.60,415.15,130.85,416.71,0,1,0,0.055
1580,84.82,138.12,87.94,139.69,0,1,0,0.054
1581,106.22,377.72,109.50,379.41,0,0,0,0.06
1582,148.82,111.56,152.08,113.19,0,0,0,0.058
1583,186.07,180.82,189.32,182.39,0,1,0,0.056
1584,36.89,196.76,40.10,198.34,0,0,1,0.055
1585,37.00,207.33,40.22,208.86,0,0,1,0.054
1586,4.95,138.22,8.10,139.78,0,0,0,0.054
1587,159.42,255.31,162.56,256.99,0,1,0,0.058
1588,74.27,212.73,77.56,214.30,0,0,1,0.056
1589,58.18,287.26,61.37,288.96,0,0,1,0.059
1590,116.92,159.44,120.10,160.95,0,0,0,0.053
1591,52.87,356.54,55.98,358.19,0,0,0,0.056
1592,58.34,340.47,61.52,342.06,0,0,0,0.055
1593,186.02,297.91,189.32,299.58,0,0,0,0.06
1594,132.77,143.39,135.99,144.97,0,0,0,0.056
1595,132.73,335.26,135.83,336.80,0,1,0,0.052
1596,58.32,122.20,61.59,123.80,0,0,0,0.057
1597,100.82,127.56,104.03,129.12,0,0,0,0.054
1598,122.24,164.83,125.48,166.44,0,0,0,0.057
1599,63.60,132.80,66.76,134.42,0,0,0,0.056
1600,111.53,212.61,114.70,214.13,0,0,0,0.053
1601,63.61,324.52,66.90,326.06,0,0,0,0.055
1602,175.39,154.22,178.50,155.83,0,0,0,0.055
1603,42.24,388.38,45.49,390.07,0,0,0,0.06
1604,154.14,367.11,157.30,368.75,0,1,0,0.057
1605,148.81,276.64,152.07,278.15,0,0,0,0.054
1606,143.46,345.92,146.59,347.57,0,1,0,0.057
1607,47.68,212.72,50.93,214.26,0,0,1,0.054
1608,143.57,415.11,146.85,416.72,0,0,0,0.057
1609,36.96,340.62,40.14,342.21,0,0,0,0.055
1610,127.49,351.09,130.79,352.65,0,0,0,0.056
1611,15.57,143.56,18.72,145.25,0,0,0,0.058
1612,116.93,196.70,120.21,198.23,0,1,0,0.055
1613,111.47,148.82,114.73,150.51,0,0,0,0.06
1614,132.89,276.62,136.17,278.21,0,0,0,0.057
1615,42.37,42.19,45.48,43.79,0,0,0,0.055
1616,180.85,287.32,184.10,288.95,0,0,0,0.058
1617,63.52,249.91,66.69,251.54,0,0,1,0.057
1618,79.56,239.41,82.72,240.92,0,1,1,0.052
1619,74.32,234.05,77.56,235.60,0,0,1,0.055
1620,180.81,265.88,183.94,267.52,0,0,0,0.056
1621,100.92,37.04,104.12,38.65,0,0,0,0.056
1622,63.61,335.20,66.86,336.90,0,1,0,0.06
1623,90.20,313.89,93.48,315.44,0,1,0,0.055
1624,132.83,351.11,136.02,352.67,0,1,0,0.054
1625,111.51,58.20,114.79,59.79,0,0,0,0.057
1626,159.49,164.81,162.69,166.48,0,0,0,0.059
1627,100.78,249.95,104.03,251.52,0,0,0,0.056
1628,47.67,196.83,50.85,198.47,0,0,1,0.057
1629,79.65,20.95,82.91,22.48,0,0,0,0.055
1630,100.78,287.21,104.05,288.75,0,0,0,0.055
1631,26.38,186.00,29.60,187.57,0,0,1,0.055
1632,5.08,143.49,8.30,145.05,0,1,0,0.055
1633,164.72,340.53,167.95,342.11,0,0,0,0.056
1634,26.40,271.37,29.68,272.94,0,0,1,0.056
1635,74.21,297.85,77.43,299.40,0,1,0,0.054
1636,31.56,372.47,34.70,374.16,0,0,0,0.058
1637,53.00,313.86,56.11,315.46,0,0,0,0.055
1638,159.46,180.70,162.74,182.40,0,1,0,0.061
1639,21.07,361.82,24.19,363.44,0,0,0,0.055
1640,36.96,356.58,40.16,358.10,0,0,0,0.053
1641,116.91,100.94,120.12,102.47,0,0,0,0.054
1642,122.11,335.29,125.32,336.85,0,1,0,0.055
1643,26.23,367.24,29.52,368.89,0,0,0,0.059
1644,84.91,361.87,88.09,363.41,0,0,0,0.054
1645,10.27,345.93,13.53,347.61,0,0,0,0.06
1646,138.06,58.22,141.23,59.87,0,0,0,0.057
1647,5.07,207.41,8.29,208.93,0,0,0,0.054
1648,37.03,191.37,40.21,193.00,0,1,1,0.056
1649,106.21,175.46,109.34,176.98,0,0,0,0.052
1650,95.55,276.67,98.81,278.19,0,0,0,0.054
1651,138.05,361.92,141.21,363.59,0,0,0,0.058
1652,175.52,287.22,178.73,288.80,0,0,0,0.055
1653,26.35,393.79,29.45,395.45,0,0,0,0.056
1654,175.34,31.69,178.55,33.37,0,0,0,0.059
1655,95.60,218.04,98.76,219.67,0,1,0,0.056
1656,47.56,148.88,50.77,150.58,0,1,0,0.059
1657,31.65,319.24,34.88,320.93,0,0,0,0.059
1658,116.84,297.89,120.12,299.49,0,0,0,0.057
1659,170.04,111.45,173.27,113.14,0,0,0,0.06
1660,148.73,223.33,152.00,224.84,0,1,0,0.054
1661,164.83,58.29,168.09,59.88,0,0,0,0.057
1662,122.24,244.76,125.34,246.40,0,0,0,0.056
1663,159.54,351.19,162.77,352.85,0,0,0,0.058
1664,74.32,159.40,77.52,161.01,0,1,1,0.056
1665,47.54,180.85,50.76,182.40,0,0,1,0.055
1666,84.83,319.25,87.94,320.89,0,0,0,0.056
1667,36.89,68.99,40.07,70.68,0,0,0,0.059
1668,15.59,399.17,18.89,400.72,0,0,0,0.056
1669,58.23,74.33,61.50,75.84,0,0,0,0.054
1670,95.47,37.03,98.63,38.66,0,1,0,0.056
1671,74.31,308.52,77.48,310.07,0,1,0,0.054
1672,90.21,52.92,93.50,54.59,0,0,0,0.06
1673,154.08,180.81,157.29,182.50,0,0,0,0.059
1674,58.22,148.90,61.37,150.55,0,1,0,0.057
1675,100.94,164.75,104.08,166.36,0,0,0,0.055
1676,74.29,388.55,77.55,390.22,0,0,0,0.059
1677,127.49,329.78,130.73,331.29,0,0,0,0.053
1678,63.55,297.98,66.72,299.59,0,0,0,0.056
1679,154.14,10.23,157.29,11.84,0,1,0,0.056
1680,42.22,127.41,45.43,129.06,0,1,0,0.058
1681,122.14,319.15,125.32,320.66,0,0,0,0.053
1682,164.79,329.89,168.04,331.59,0,1,0,0.06
1683,148.83,244.74,152.01,246.26,0,0,0,0.053
1684,52.99,367.14,56.12,368.74,0,0,0,0.055
1685,138.19,202.03,141.36,203.69,0,0,0,0.058
1686,159.42,154.20,162.57,155.89,0,0,0,0.058
1687,111.54,255.33,114.77,256.97,0,0,0,0.058
1688,132.87,367.11,136.08,368.61,0,1,0,0.053
1689,42.27,10.33,45.57,11.99,0,0,0,0.06
1690,58.35,170.17,61.58,171.79,0,0,1,0.057
1691,15.74,255.32,18.86,256.86,0,1,0,0.053
1692,68.97,218.02,72.27,219.67,0,0,1,0.059
1693,127.44,202.04,130.71,203.60,0,0,0,0.056
1694,52.97,26.27,56.21,27.84,0,0,0,0.056
1695,15.61,191.50,18.84,193.18,0,0,0,0.059
1696,90.24,324.63,93.40,326.19,0,0,0,0.054
1697,154.14,212.74,157.27,214.36,0,1,0,0.056
1698,180.84,255.41,184.04,257.10,0,0,0,0.059
1699,74.33,154.04,77.55,155.68,0,1,0,0.058
1700,95.57,111.60,98.80,113.14,0,0,0,0.055
1701,79.56,132.91,82.83,134.48,0,0,0,0.056
1702,186.02,106.28,189.27,107.93,0,0,0,0.059
1703,37.00,127.59,40.11,129.13,0,0,0,0.052
1704,10.33,234.01,13.61,235.71,0,0,0,0.061
1705,159.49,4.98,162.73,6.59,0,1,0,0.057
1706,36.90,58.35,40.03,59.86,0,0,0,0.052
1707,122.22,218.13,125.36,219.68,0,0,0,0.053
1708,122.19,132.91,125.46,134.57,0,0,0,0.059
1709,63.62,202.11,66.75,203.67,0,0,1,0.053
1710,170.02,415.06,173.23,416.65,0,0,0,0.056
1711,143.46,180.77,146.57,182.44,0,0,0,0.057
1712,95.57,116.80,98.75,118.33,0,1,0,0.053
1713,20.97,239.26,24.19,240.92,0,0,1,0.059
1714,31.56,351.24,34.75,352.82,0,0,0,0.055
1715,63.54,15.67,66.75,17.27,0,0,0,0.056
1716,148.75,42.25,152.00,43.90,0,0,0,0.059
1717,127.56,52.89,130.86,54.51,0,0,0,0.058
1718,106.13,116.92,109.42,118.61,0,0,0,0.061
1719,100.90,26.35,104.02,27.86,0,1,0,0.051
1720,95.53,249.99,98.82,251.68,0,0,0,0.061
1721,122.15,361.86,125.28,363.44,0,0,0,0.054
1722,138.09,164.78,141.29,166.40,0,0,0,0.057
1723,111.43,164.82,114.57,166.47,0,1,0,0.057
1724,79.58,191.36,82.71,192.88,0,0,1,0.052
1725,154.23,63.58,157.46,65.16,0,0,0,0.056
1726,47.53,404.35,50.78,406.03,0,0,0,0.059
1727,36.97,377.87,40.21,379.43,0,0,0,0.055
1728,170.07,191.37,173.20,192.93,0,1,0,0.054
1729,47.53,409.78,50.83,411.44,0,0,0,0.06
1730,159.50,122.13,162.78,123.72,0,0,0,0.057
1731,175.43,90.19,178.71,91.75,0,0,0,0.056
1732,42.33,122.22,45.51,123.85,0,0,0,0.057
1733,79.47,223.34,82.66,224.97,0,1,1,0.057
1734,159.49,308.61,162.72,310.27,0,0,0,0.058
1735,100.94,122.27,104.08,123.87,0,0,0,0.055
1736,138.21,313.88,141.36,315.43,0,0,0,0.054
1737,148.81,233.92,152.07,235.47,0,0,0,0.055
1738,37.02,297.99,40.24,299.53,0,1,0,0.054
1739,20.99,329.94,24.12,331.60,0,0,0,0.057
1740,31.56,159.47,34.70,161.12,0,1,1,0.057
1741,79.51,10.30,82.75,11.82,0,0,0,0.054
1742,138.08,95.62,141.29,97.31,0,1,0,0.059
1743,100.85,281.96,104.01,283.51,0,0,0,0.053
1744,79.60,292.57,82.82,294.18,0,0,1,0.057
1745,90.23,186.10,93.34,187.70,0,0,0,0.055
1746,84.96,329.87,88.14,331.47,0,0,0,0.056
1747,154.19,377.72,157.41,379.29,0,0,0,0.055
1748,116.80,282.00,120.08,283.70,0,0,0,0.061
1749,26.27,143.47,29.38,145.05,0,0,0,0.054
1750,186.00,42.29,189.18,43.83,0,0,0,0.053
1751,175.44,164.81,178.59,166.41,0,0,0,0.055
1752,148.72,399.10,151.97,400.71,0,0,0,0.057
1753,21.05,228.60,24.34,230.23,0,0,1,0.059
1754,170.02,255.39,173.23,256.91,0,0,0,0.053
1755,143.53,202.02,146.76,203.59,0,1,0,0.055
1756,42.29,351.14,45.41,352.67,0,0,0,0.052
1757,116.90,217.98,120.05,219.62,0,0,0,0.057
1758,111.54,63.65,114.65,65.21,0,0,0,0.053
1759,170.13,159.53,173.31,161.05,0,0,0,0.053
1760,15.56,340.63,18.69,342.32,0,0,0,0.058
1761,164.80,95.50,167.93,97.04,0,0,0,0.053
1762,20.91,175.43,24.09,177.01,0,1,1,0.055
1763,68.85,281.92,72.07,283.50,0,1,1,0.056
1764,84.96,281.99,88.20,283.60,0,0,0,0.057
1765,180.70,111.53,183.86,113.12,0,0,0,0.055
1766,20.90,271.34,24.20,272.98,0,1,1,0.059
1767,100.84,52.94,104.06,54.61,0,1,0,0.059
1768,31.57,329.86,34.74,331.54,0,0,0,0.058
1769,180.73,63.59,183.84,65.27,0,1,0,0.057
1770,15.59,159.53,18.87,161.07,0,0,0,0.055
1771,180.69,53.00,183.89,54.58,0,1,0,0.055
1772,111.54,313.81,114.79,315.44,0,1,0,0.058
1773,138.20,308.51,141.49,310.06,0,0,0,0.055
1774,148.74,132.77,151.89,134.41,0,0,0,0.056
1775,143.45,234.04,146.75,235.65,0,0,0,0.058
1776,111.57,5.05,114.73,6.62,0,0,0,0.054
1777,164.71,207.41,167.84,208.99,0,0,0,0.054
1778,138.12,297.88,141.35,299.48,0,0,0,0.057
1779,95.58,281.86,98.71,283.49,0,0,0,0.056
1780,116.83,10.35,119.99,12.05,0,0,0,0.059
1781,122.11,404.50,125.38,406.18,0,0,0,0.06
1782,52.97,63.63,56.21,65.32,0,0,0,0.06
1783,180.70,36.88,183.97,38.54,0,0,0,0.059
1784,63.52,313.93,66.72,315.47,0,0,0,0.054
1785,106.24,329.93,109.51,331.45,0,0,0,0.054
1786,116.86,383.11,120.05,384.68,0,0,0,0.055
1787,20.96,393.73,24.25,395.37,0,1,0,0.059
1788,106.14,218.01,109.36,219.65,0,0,0,0.058
1789,111.45,329.84,114.72,331.39,0,0,0,0.055
1790,106.13,415.06,109.31,416.57,0,0,0,0.052
1791,170.06,335.23,173.34,336.90,0,0,0,0.06
1792,106.26,127.50,109.40,129.03,0,1,0,0.053
1793,53.02,404.45,56.19,406.00,0,1,0,0.054
1794,20.95,404.49,24.20,406.15,0,0,0,0.059
1795,170.07,186.15,173.33,187.72,0,0,0,0.056
1796,26.36,26.36,29.63,27.88,0,0,0,0.054
1797,79.55,106.19,82.77,107.86,0,1,0,0.059
1798,31.58,26.40,34.84,28.08,0,0,0,0.06
1799,10.27,367.18,13.50,368.85,0,0,0,0.059
1800,100.89,106.25,103.99,107.78,0,1,0,0.052
1801,180.85,159.48,184.13,161.01,0,0,0,0.054
1802,52.96,148.78,56.23,150.30,0,0,0,0.054
1803,58.34,164.78,61.58,166.31,0,0,1,0.054
1804,31.73,287.35,34.97,289.03,0,1,1,0.06
1805,164.68,223.44,167.86,224.97,0,0,0,0.053
1806,164.74,106.27,167.90,107.82,0,0,0,0.054
1807,122.10,415.12,125.28,416.65,0,1,0,0.053
1808,36.97,5.05,40.16,6.73,0,0,0,0.059
1809,26.34,292.67,29.48,294.23,0,0,1,0.054
1810,58.17,154.13,61.37,155.66,0,1,0,0.054
1811,138.13,356.56,141.29,358.14,0,0,0,0.055
1812,175.44,409.69,178.54,411.20,0,0,0,0.051
1813,63.65,409.72,66.86,411.25,0,1,0,0.054
1814,10.37,266.04,13.53,267.64,0,0,0,0.055
1815,159.45,415.16,162.61,416.75,0,0,0,0.055
1816,31.62,308.48,34.76,310.03,0,0,0,0.053
1817,180.77,351.24,183.98,352.84,0,1,0,0.056
1818,159.40,329.90,162.65,331.60,0,0,0,0.06
1819,42.37,90.21,45.52,91.76,0,0,0,0.054
1820,21.03,383.24,24.21,384.88,0,0,0,0.057
1821,37.05,409.72,40.34,411.34,0,0,0,0.058
1822,68.86,79.47,72.04,81.13,0,0,0,0.058
1823,63.68,111.43,66.89,113.03,0,0,0,0.056
1824,186.03,26.38,189.16,27.89,0,1,0,0.052
1825,74.20,404.36,77.44,405.86,0,0,0,0.053
1826,180.67,356.59,183.91,358.25,0,0,0,0.059
1827,170.04,239.39,173.29,240.97,0,0,0,0.056
1828,132.92,345.83,136.17,347.51,0,0,0,0.06
1829,63.53,95.57,66.82,97.13,0,0,0,0.056
1830,143.53,127.50,146.78,129.02,0,0,0,0.054
1831,164.73,308.55,167.97,310.16,0,0,0,0.057
1832,154.06,207.38,157.30,208.89,0,0,0,0.053
1833,164.77,159.37,167.90,160.97,0,0,0,0.055
1834,148.78,308.49,151.92,310.12,0,0,0,0.056
1835,21.07,148.87,24.36,150.42,0,0,0,0.055
1836,10.38,276.60,13.66,278.17,0,0,0,0.056
1837,10.35,244.71,13.60,246.23,0,0,0,0.054
1838,148.74,202.07,151.94,203.71,0,0,0,0.057
1839,154.19,297.88,157.48,299.53,0,1,0,0.059
1840,143.52,63.52,146.75,65.20,0,0,0,0.059
1841,132.87,297.94,136.12,299.55,0,1,0,0.057
1842,132.87,196.66,136.16,198.28,0,0,0,0.058
1843,164.70,69.01,167.98,70.63,0,0,0,0.058
1844,79.63,345.95,82.92,347.60,0,1,0,0.059
1845,5.02,36.91,8.15,38.57,0,1,0,0.057
1846,100.94,260.59,104.22,262.28,0,0,0,0.061
1847,95.58,170.07,98.76,171.69,0,0,0,0.056
1848,31.65,52.89,34.81,54.52,0,0,0,0.057
1849,175.40,223.43,178.52,224.94,0,0,0,0.052
1850,15.59,250.06,18.81,251.71,0,0,0,0.058
1851,21.00,180.73,24.12,182.40,0,0,1,0.057
1852,132.86,63.52,136.15,65.12,0,0,0,0.057
1853,122.13,202.14,125.31,203.69,0,0,0,0.054
1854,90.26,42.29,93.50,43.80,0,0,0,0.054
1855,5.08,249.96,8.19,251.56,0,1,0,0.054
1856,4.95,26.27,8.12,27.80,0,0,0,0.053
1857,138.24,143.38,141.53,145.04,0,0,0,0.06
1858,170.15,42.32,173.36,43.86,0,0,0,0.054
1859,63.51,399.04,66.74,400.56,0,0,0,0.054
1860,170.04,79.55,173.14,81.17,0,0,0,0.055
1861,37.03,292.50,40.25,294.09,0,1,1,0.056
1862,68.90,84.82,72.08,86.48,0,1,0,0.058
1863,74.30,367.26,77.54,368.89,0,0,0,0.057
1864,15.71,186.10,18.99,187.64,0,0,0,0.055
1865,10.30,255.40,13.52,257.04,0,0,0,0.058
1866,63.56,127.41,66.81,129.03,0,0,0,0.057
1867,186.01,335.30,189.12,336.83,0,0,0,0.052
1868,84.96,36.93,88.23,38.47,0,0,0,0.055
1869,79.54,404.52,82.64,406.17,0,1,0,0.056
1870,127.59,218.08,130.70,219.69,0,1,0,0.055
1871,116.90,132.84,120.14,134.39,0,0,0,0.055
1872,180.71,191.50,183.92,193.18,0,1,0,0.059
1873,122.14,31.67,125.41,33.31,0,0,0,0.059
1874,143.54,313.84,146.83,315.35,0,0,0,0.054
1875,138.07,271.36,141.22,272.88,0,0,0,0.052
1876,4.97,148.80,8.21,150.44,0,0,0,0.058
1877,106.18,388.48,109.31,390.07,0,0,0,0.055
1878,111.46,90.15,114.61,91.72,0,0,0,0.054
1879,143.38,399.22,146.68,400.77,0,0,0,0.056
1880,52.88,196.68,56.02,198.18,0,0,1,0.052
1881,5.09,271.33,8.37,272.95,0,1,0,0.058
1882,4.96,154.11,8.25,155.69,0,0,0,0.057
1883,26.24,122.24,29.41,123.75,0,0,0,0.052
1884,106.28,207.45,109.49,208.98,0,1,0,0.054
1885,58.35,196.78,61.50,198.30,0,0,1,0.053
1886,100.84,404.40,103.98,406.10,0,0,0,0.059
1887,100.79,191.39,104.04,193.01,0,0,0,0.057
1888,74.29,276.64,77.44,278.23,0,0,1,0.055
1889,170.13,265.93,173.34,267.60,0,0,0,0.059
1890,10.39,260.65,13.61,262.20,0,0,0,0.055
1891,143.50,249.93,146.69,251.57,0,1,0,0.057
1892,180.78,244.62,183.90,246.20,0,0,0,0.054
1893,20.97,399.12,24.16,400.68,0,0,0,0.054
1894,68.87,138.22,72.09,139.76,0,0,0,0.054
1895,186.05,255.37,189.17,257.05,0,0,0,0.058
1896,21.06,287.22,24.27,288.72,0,0,1,0.053
1897,36.96,335.14,40.23,336.75,0,0,0,0.058
1898,69.01,132.78,72.20,134.40,0,0,0,0.056
1899,63.64,154.17,66.91,155.82,0,0,0,0.059
1900,52.95,388.48,56.16,390.06,0,0,0,0.055
1901,20.92,367.26,24.21,368.87,0,0,0,0.058
1902,111.50,159.48,114.65,161.17,0,0,0,0.058
1903,138.18,223.39,141.40,225.02,0,1,0,0.058
1904,127.52,313.86,130.73,315.38,0,0,0,0.053
1905,111.47,31.57,114.60,33.18,0,0,0,0.055
1906,175.40,201.99,178.53,203.52,0,0,0,0.052
1907,138.15,249.97,141.26,251.48,0,1,0,0.052
1908,148.77,415.18,151.92,416.72,0,0,0,0.053
1909,95.46,415.05,98.63,416.68,0,0,0,0.057
1910,164.82,249.92,168.11,251.45,0,0,0,0.055
1911,164.71,116.75,167.86,118.36,0,1,0,0.055
1912,180.84,127.54,184.13,129.21,0,0,0,0.06
1913,154.08,356.41,157.25,357.96,0,1,0,0.054
1914,143.45,319.25,146.70,320.85,0,0,0,0.057
1915,180.75,329.81,183.98,331.36,0,0,0,0.055
1916,52.88,74.33,56.02,75.84,0,0,0,0.052
1917,63.55,234.08,66.80,235.75,0,1,1,0.059
1918,20.98,164.80,24.17,166.43,0,1,1,0.057
1919,52.91,292.66,56.16,294.19,0,1,1,0.054
1920,170.05,388.54,173.29,390.20,0,0,0,0.058
1921,47.62,68.90,50.72,70.54,0,1,0,0.056
1922,106.10,191.40,109.27,192.98,0,0,0,0.055
1923,122.25,351.10,125.44,352.77,0,1,0,0.058
1924,79.60,409.86,82.81,411.55,0,0,0,0.06
1925,100.87,388.56,104.13,390.14,0,0,0,0.056
1926,74.20,31.54,77.34,33.13,0,0,0,0.054
1927,90.22,212.72,93.42,214.34,0,0,0,0.057
1928,116.79,292.53,120.07,294.20,0,0,0,0.06
1929,116.79,329.85,119.96,331.50,0,0,0,0.057
1930,79.61,234.05,82.89,235.63,0,0,1,0.057
1931,164.81,170.19,167.93,171.80,0,0,0,0.055
1932,74.14,106.13,77.33,107.82,0,0,0,0.059
1933,74.29,244.57,77.45,246.21,0,0,1,0.057
1934,20.92,356.59,24.15,358.25,0,0,0,0.059
1935,175.51,298.01,178.71,299.65,0,0,0,0.057
1936,143.54,100.94,146.74,102.46,0,1,0,0.053
1937,138.05,122.18,141.28,123.74,0,0,0,0.055
1938,68.91,377.91,72.05,379.58,0,0,0,0.057
1939,4.93,217.94,8.07,219.60,0,0,0,0.057
1940,4.93,255.24,8.13,256.80,0,0,0,0.054
1941,175.50,58.18,178.65,59.82,0,0,0,0.057
1942,122.13,175.44,125.39,177.12,0,1,0,0.06
1943,79.61,276.71,82.89,278.41,0,0,1,0.061
1944,138.06,132.76,141.17,134.30,0,0,0,0.053
1945,116.86,202.09,120.05,203.64,0,1,0,0.054
1946,47.65,42.23,50.90,43.79,0,1,0,0.056
1947,138.08,84.86,141.24,86.52,0,0,0,0.057
1948,116.88,271.35,120.02,272.97,0,0,0,0.056
1949,95.61,148.74,98.79,150.34,0,1,0,0.056
1950,79.64,249.94,82.77,251.50,0,0,1,0.053
1951,170.11,127.53,173.27,129.19,0,0,0,0.057
1952,159.44,266.01,162.73,267.59,0,0,0,0.057
1953,175.38,218.06,178.54,219.74,0,0,0,0.058
1954,58.21,63.57,61.36,65.26,0,0,0,0.058
1955,36.91,329.89,40.15,331.39,0,0,0,0.053
1956,36.99,111.43,40.27,113.10,0,0,0,0.06
1957,42.20,100.96,45.40,102.61,0,0,0,0.058
1958,154.15,154.05,157.31,155.66,0,0,0,0.056
1959,138.14,15.65,141.24,17.32,0,1,0,0.057
1960,47.55,265.92,50.75,267.47,0,0,1,0.054
1961,127.55,164.81,130.75,166.49,0,0,0,0.059
1962,63.59,106.13,66.71,107.73,0,0,0,0.055
1963,15.72,244.66,18.97,246.17,0,0,0,0.053
1964,90.31,234.00,93.47,235.60,0,1,0,0.055
1965,5.00,415.02,8.24,416.62,0,1,0,0.057
1966,154.17,37.01,157.34,38.65,0,0,0,0.057
1967,127.40,148.86,130.53,150.49,0,0,0,0.056
1968,95.54,26.28,98.75,27.95,0,0,0,0.059
1969,122.17,20.94,125.39,22.49,0,0,0,0.055
1970,148.81,372.44,152.05,373.95,0,0,0,0.053
1971,148.71,68.99,151.91,70.69,0,0,0,0.06
1972,127.56,207.37,130.66,208.96,0,0,0,0.054
1973,90.15,351.20,93.32,352.73,0,0,0,0.053
1974,180.82,409.84,184.08,411.36,0,0,0,0.054
1975,52.94,329.96,56.22,331.61,0,0,0,0.059
1976,186.08,345.93,189.22,347.53,0,0,0,0.055
1977,20.92,335.28,24.15,336.88,0,0,0,0.057
1978,84.99,255.34,88.14,257.00,0,1,0,0.057
1979,159.46,106.14,162.59,107.73,0,0,0,0.055
1980,42.22,393.83,45.34,395.44,0,1,0,0.055
1981,95.52,127.57,98.80,129.16,0,0,0,0.057
1982,164.80,175.47,167.98,177.11,0,1,0,0.057
1983,170.17,367.16,173.31,368.80,0,0,0,0.056
1984,4.93,324.62,8.17,326.19,0,1,0,0.056
1985,106.14,345.82,109.38,347.42,0,1,0,0.057
1986,100.93,409.71,104.18,411.41,0,0,0,0.06
1987,116.93,175.41,120.20,177.05,0,0,0,0.058
1988,138.19,409.76,141.32,411.41,0,0,0,0.057
1989,122.09,116.93,125.22,118.51,0,0,0,0.054
1990,47.67,170.05,50.94,171.72,0,1,1,0.06
1991,100.93,361.75,104.22,363.33,0,0,0,0.057
1992,122.14,100.94,125.30,102.52,0,0,0,0.055
1993,154.11,116.83,157.35,118.53,0,1,0,0.06
1994,154.13,255.29,157.36,256.90,0,0,0,0.057
1995,116.93,148.79,120.21,150.30,0,0,0,0.054
1996,138.24,138.12,141.36,139.74,0,0,0,0.055
1997,4.95,388.38,8.19,389.94,0,0,0,0.056
1998,74.28,180.81,77.47,182.46,0,0,1,0.058
1999,154.05,329.92,157.34,331.52,0,1,0,0.058
2000,138.11,233.92,141.31,235.44,0,0,0,0.053
2001,111.48,367.21,114.76,368.75,0,0,0,0.055
2002,47.68,207.34,50.97,208.96,0,1,1,0.058
2003,5.02,212.62,8.24,214.21,0,0,0,0.056
2004,26.27,217.97,29.43,219.64,0,1,1,0.058
2005,37.00,63.52,40.23,65.07,0,0,0,0.055
2006,68.90,31.67,72.00,33.32,0,0,0,0.056
2007,5.03,164.75,8.18,166.37,0,0,0,0.056
2008,175.48,138.12,178.69,139.67,0,1,0,0.054
2009,90.12,260.70,93.34,262.26,0,0,0,0.055
2010,15.67,79.50,18.95,81.07,0,0,0,0.056
2011,100.96,58.17,104.13,59.79,0,0,0,0.056
2012,180.77,207.31,184.00,208.93,0,0,0,0.057
2013,159.46,207.44,162.60,208.97,0,0,0,0.053
2014,175.46,356.59,178.60,358.21,0,0,0,0.056
2015,10.37,372.48,13.61,374.18,0,0,0,0.06
2016,100.90,351.27,104.08,352.93,0,0,0,0.058
2017,132.81,154.16,136.11,155.84,0,0,0,0.06
2018,52.96,79.65,56.09,81.23,0,0,0,0.054
2019,63.55,223.43,66.84,225.04,0,0,1,0.058
2020,15.65,308.61,18.88,310.25,0,0,0,0.058
2021,138.22,239.36,141.42,240.86,0,0,0,0.053
2022,186.01,367.24,189.17,368.86,0,1,0,0.056
2023,186.05,116.87,189.31,118.54,0,0,0,0.059
2024,31.67,324.65,34.88,326.20,0,0,0,0.055
2025,159.43,53.00,162.72,54.51,0,1,0,0.054
2026,84.95,4.99,88.11,6.67,0,0,0,0.058
2027,175.52,351.13,178.68,352.77,0,0,0,0.057
2028,26.28,415.00,29.45,416.61,0,0,0,0.056
2029,31.70,180.79,34.94,182.46,0,0,1,0.059
2030,31.55,255.25,34.79,256.91,0,1,1,0.059
2031,138.14,276.66,141.34,278.31,0,0,0,0.058
2032,138.24,52.94,141.35,54.45,0,0,0,0.052
2033,4.96,10.37,8.21,12.04,0,0,0,0.059
2034,186.11,58.26,189.38,59.94,0,0,0,0.06
2035,47.66,111.58,50.92,113.08,0,0,0,0.054
2036,170.03,409.71,173.32,411.31,0,1,0,0.058
2037,186.05,409.75,189.15,411.34,0,0,0,0.054
2038,180.75,90.20,183.94,91.82,0,0,0,0.056
2039,122.12,5.07,125.27,6.62,0,0,0,0.053
2040,15.75,132.85,19.02,134.45,0,1,0,0.057
2041,63.56,164.81,66.73,166.40,0,1,1,0.055
2042,159.45,271.20,162.61,272.84,0,0,0,0.057
2043,154.16,122.16,157.27,123.82,0,0,0,0.056
2044,47.69,116.83,50.85,118.36,0,0,0,0.053
2045,26.38,47.64,29.52,49.20,0,1,0,0.054
2046,122.10,260.73,125.26,262.26,0,0,0,0.053
2047,15.67,212.71,18.84,214.22,0,0,0,0.052
2048,159.47,260.65,162.63,262.32,0,1,0,0.058
2049,84.90,351.14,88.14,352.80,0,0,0,0.059
2050,111.45,180.82,114.66,182.50,0,0,0,0.059
2051,186.17,308.63,189.37,310.28,0,0,0,0.058
2052,116.85,58.25,120.13,59.94,0,0,0,0.061
2053,5.08,223.27,8.18,224.96,0,0,0,0.058
2054,138.05,170.10,141.16,171.78,0,0,0,0.057
2055,95.45,212.63,98.60,214.29,0,1,0,0.057
2056,15.67,74.22,18.90,75.88,0,0,0,0.059
2057,79.57,271.25,82.85,272.87,0,0,1,0.058
2058,58.30,415.05,61.47,416.65,0,0,0,0.056
2059,4.98,79.62,8.19,81.25,0,1,0,0.057
2060,154.12,21.02,157.26,22.64,0,0,0,0.056
2061,10.27,415.03,13.40,416.71,0,0,0,0.057
2062,74.30,175.47,77.47,177.09,0,0,1,0.056
2063,180.82,68.94,183.98,70.61,0,0,0,0.058
2064,159.40,100.93,162.58,102.48,0,1,0,0.054
2065,100.95,324.51,104.24,326.06,0,0,0,0.056
2066,148.81,191.33,152.10,192.87,0,0,0,0.055
2067,79.57,319.21,82.68,320.80,0,0,0,0.054
2068,10.35,186.12,13.49,187.77,0,0,0,0.057
2069,170.06,276.69,173.36,278.22,0,0,0,0.055
2070,100.90,239.43,104.07,241.05,0,0,0,0.056
2071,63.59,175.47,66.87,177.11,0,1,1,0.059
2072,164.68,47.51,167.92,49.03,0,0,0,0.054
2073,127.52,319.19,130.69,320.86,0,1,0,0.058
2074,26.33,282.00,29.57,283.66,0,0,1,0.059
2075,15.70,116.83,18.98,118.39,0,1,0,0.056
2076,175.44,26.35,178.58,27.99,0,1,0,0.056
2077,74.25,52.99,77.44,54.58,0,1,0,0.056
2078,159.53,175.36,162.82,176.92,0,0,0,0.056
2079,84.82,186.06,88.02,187.76,0,0,0,0.059
2080,74.17,122.15,77.41,123.73,0,1,0,0.056
2081,26.23,191.48,29.48,193.09,0,0,1,0.057
2082,74.20,84.80,77.45,86.43,0,1,0,0.058
2083,26.21,90.17,29.47,91.86,0,0,0,0.06
2084,180.84,377.89,184.12,379.42,0,0,0,0.055
2085,148.78,164.72,151.98,166.26,0,0,0,0.054
2086,132.81,148.90,135.98,150.44,0,1,0,0.054
2087,122.26,138.22,125.40,139.84,0,1,0,0.056
2088,175.38,249.92,178.68,251.59,0,0,0,0.06
2089,106.22,36.92,109.39,38.55,0,0,0,0.057
2090,10.39,111.51,13.56,113.20,0,0,0,0.058
2091,84.87,292.50,88.06,294.12,0,0,0,0.056
2092,10.34,68.82,13.48,70.42,0,1,0,0.055
2093,100.84,228.62,103.96,230.27,0,0,0,0.056
2094,4.91,180.80,8.06,182.33,0,0,0,0.053
2095,180.72,170.15,183.92,171.65,0,0,0,0.053
2096,186.01,372.50,189.11,374.06,0,0,0,0.053
2097,143.51,292.59,146.64,294.18,0,0,0,0.054
2098,127.40,372.41,130.52,374.06,0,0,0,0.056
2099,10.23,404.43,13.36,405.98,0,0,0,0.053
2100,127.55,42.30,130.76,43.85,0,1,0,0.054
2101,90.12,95.46,93.23,97.00,0,1,0,0.052
2102,84.93,20.96,88.03,22.64,0,0,0,0.057
2103,180.76,276.70,183.91,278.28,0,0,0,0.055
2104,84.94,383.22,88.22,384.76,0,1,0,0.055
2105,79.61,218.13,82.88,219.80,0,0,1,0.059
2106,15.68,228.71,18.92,230.27,0,1,0,0.055
2107,21.08,372.58,24.18,374.12,0,0,0,0.053
2108,111.43,201.96,114.68,203.64,0,0,0,0.059
2109,175.39,281.93,178.53,283.63,0,1,0,0.058
2110,100.85,63.59,104.14,65.15,0,0,0,0.056
2111,159.43,148.78,162.66,150.34,0,0,0,0.055
2112,132.74,303.17,135.99,304.83,0,0,0,0.059
2113,159.39,196.64,162.64,198.31,0,0,0,0.059
2114,47.68,186.03,50.81,187.65,0,1,1,0.056
2115,90.19,356.45,93.46,358.01,0,0,0,0.056
2116,84.98,415.03,88.10,416.54,0,0,0,0.051
2117,164.81,164.85,168.03,166.52,0,0,0,0.059
2118,26.23,21.07,29.38,22.71,0,0,0,0.057
2119,116.93,143.39,120.07,144.99,0,0,0,0.055
2120,116.83,74.27,120.12,75.87,0,0,0,0.057
2121,5.06,234.11,8.25,235.80,0,0,0,0.059
2122,20.96,84.81,24.18,86.41,0,0,0,0.056
2123,79.63,303.22,82.74,304.75,0,0,0,0.052
2124,170.02,90.24,173.23,91.79,0,0,0,0.055
2125,186.15,340.60,189.36,342.29,0,0,0,0.059
2126,58.30,186.04,61.42,187.74,0,0,1,0.058
2127,180.78,47.58,183.98,49.09,0,0,0,0.053
2128,95.48,186.14,98.65,187.83,0,1,0,0.059
2129,79.61,74.18,82.89,75.84,0,0,0,0.059
2130,5.02,361.81,8.23,363.47,0,0,0,0.058
2131,58.24,372.42,61.41,374.10,0,0,0,0.058
2132,122.15,154.14,125.44,155.75,0,0,0,0.058
2133,111.47,404.53,114.66,406.23,0,1,0,0.059
2134,4.94,351.28,8.13,352.97,0,1,0,0.059
2135,26.36,303.31,29.49,304.90,0,1,0,0.055
2136,106.23,132.92,109.52,134.54,0,0,0,0.058
2137,53.03,202.10,56.21,203.73,0,0,1,0.057
2138,15.71,15.56,18.88,17.23,0,0,0,0.058
2139,58.32,250.04,61.47,251.70,0,0,1,0.057
2140,175.50,63.60,178.77,65.16,0,0,0,0.056
2141,100.78,276.61,103.95,278.31,0,0,0,0.059
2142,10.29,297.88,13.47,299.47,0,0,0,0.056
2143,84.83,372.58,88.11,374.19,0,1,0,0.058
2144,90.22,218.13,93.47,219.76,0,0,0,0.058
2145,84.94,159.50,88.21,161.00,0,0,0,0.053
2146,63.62,345.81,66.81,347.35,0,1,0,0.054
2147,143.44,372.43,146.67,373.95,0,1,0,0.054
2148,148.88,127.58,152.09,129.08,0,0,0,0.053
2149,95.46,233.99,98.61,235.66,0,0,0,0.058
2150,143.51,84.91,146.61,86.58,0,0,0,0.057
2151,68.96,356.59,72.11,358.15,0,0,0,0.054
2152,180.83,4.91,184.04,6.54,0,0,0,0.057
2153,63.51,244.68,66.70,246.20,0,0,1,0.053
2154,15.62,281.90,18.84,283.58,0,0,0,0.059
2155,31.70,409.77,34.91,411.45,0,1,0,0.059
2156,186.00,196.64,189.16,198.27,0,0,0,0.057
2157,10.24,79.52,13.40,81.06,0,0,0,0.053
2158,47.66,281.91,50.78,283.60,0,0,1,0.058
2159,127.57,186.14,130.73,187.76,0,0,0,0.056
2160,164.84,404.50,168.04,406.17,0,0,0,0.059
2161,79.47,95.55,82.75,97.10,0,0,0,0.055
2162,186.03,212.69,189.21,214.24,0,0,0,0.054
2163,36.92,138.05,40.07,139.73,0,0,0,0.058
2164,111.57,175.48,114.70,177.10,0,0,0,0.055
2165,116.77,138.22,119.87,139.72,0,1,0,0.051
2166,31.64,202.08,34.77,203.72,0,0,1,0.056
2167,4.94,196.76,8.19,198.37,0,0,0,0.057
2168,5.00,100.78,8.18,102.37,0,0,0,0.055
2169,31.69,148.80,34.98,150.38,0,0,0,0.057
2170,26.26,175.52,29.43,177.22,0,0,1,0.059
2171,74.34,351.28,77.51,352.79,0,0,0,0.052
2172,4.92,58.23,8.19,59.85,0,0,0,0.058
2173,84.87,367.10,88.01,368.66,0,1,0,0.054
2174,170.12,52.90,173.23,54.56,0,0,0,0.057
2175,164.87,271.39,168.12,273.01,0,0,0,0.057
2176,100.84,313.93,104.10,315.53,0,0,0,0.057
2177,111.57,207.39,114.72,208.94,0,0,0,0.053
2178,15.59,31.63,18.73,33.23,0,0,0,0.055
2179,10.23,207.34,13.39,208.86,0,1,0,0.053
2180,111.45,26.22,114.60,27.90,0,1,0,0.058
2181,36.94,84.82,40.15,86.41,0,1,0,0.056
2182,180.78,223.40,184.06,224.94,0,1,0,0.055
2183,63.60,42.38,66.86,43.93,0,0,0,0.055
2184,154.09,26.31,157.35,27.91,0,0,0,0.057
2185,164.79,100.95,168.05,102.64,0,1,0,0.06
2186,132.92,10.40,136.08,11.93,0,0,0,0.053
2187,74.22,196.64,77.35,198.26,0,0,1,0.056
2188,180.66,239.25,183.89,240.91,0,0,0,0.059
2189,175.39,271.26,178.67,272.84,0,0,0,0.057
2190,21.05,138.14,24.35,139.64,0,1,0,0.054
2191,63.54,58.35,66.77,59.91,0,0,0,0.055
2192,15.73,10.31,18.84,11.98,0,0,0,0.057
2193,106.20,303.34,109.41,305.01,0,0,0,0.058
2194,68.87,26.21,72.17,27.78,0,0,0,0.057
2195,111.56,266.01,114.77,267.69,0,0,0,0.059
2196,186.16,377.76,189.42,379.37,0,1,0,0.058
2197,106.15,313.93,109.37,315.55,0,0,0,0.057
2198,154.11,319.25,157.31,320.85,0,0,0,0.056
2199,74.16,271.38,77.37,273.02,0,0,1,0.058
2200,127.53,345.85,130.74,347.42,0,0,0,0.055
2201,20.91,186.08,24.03,187.71,0,1,1,0.056
2202,47.64,308.51,50.76,310.02,0,0,0,0.052
2203,180.83,31.56,183.94,33.17,0,0,0,0.055
2204,10.28,95.49,13.41,97.12,0,0,0,0.056
2205,84.93,271.31,88.18,272.85,0,0,0,0.055
2206,63.54,265.89,66.69,267.53,0,0,1,0.056
2207,47.67,388.47,50.83,390.01,0,1,0,0.053
2208,95.55,388.53,98.73,390.07,0,0,0,0.054
2209,90.21,37.05,93.43,38.65,0,0,0,0.056
2210,106.25,399.16,109.43,400.80,0,0,0,0.057
2211,127.48,266.01,130.77,267.68,0,0,0,0.06
2212,159.54,74.32,162.67,76.01,0,0,0,0.058
2213,132.87,271.28,136.12,272.93,0,0,0,0.059
2214,111.44,372.43,114.73,374.05,0,0,0,0.058
2215,143.54,388.39,146.71,389.94,0,1,0,0.054
2216,180.80,26.34,183.96,27.96,0,0,0,0.056
2217,26.35,255.40,29.51,256.96,0,0,1,0.054
2218,26.21,100.78,29.50,102.38,0,0,0,0.057
2219,90.21,282.02,93.34,283.71,0,1,0,0.058
2220,47.64,74.22,50.91,75.91,0,0,0,0.06
2221,170.10,63.64,173.22,65.14,0,0,0,0.051
2222,58.26,234.06,61.43,235.69,0,1,1,0.057
2223,159.40,287.28,162.63,288.80,0,0,0,0.054
2224,42.34,335.22,45.46,336.89,0,0,0,0.057
2225,4.97,159.41,8.08,161.10,0,0,0,0.057
2226,116.93,361.84,120.22,363.38,0,0,0,0.055
2227,116.83,276.54,120.04,278.18,0,0,0,0.057
2228,175.37,68.89,178.50,70.54,0,0,0,0.057
2229,36.91,148.81,40.11,150.42,0,1,0,0.056
2230,186.18,356.44,189.34,358.05,0,1,0,0.056
2231,138.19,212.67,141.46,214.34,0,0,0,0.06
2232,143.50,303.35,146.75,304.87,0,0,0,0.054
2233,36.88,36.96,40.13,38.56,0,0,0,0.057
2234,127.51,361.87,130.65,363.40,0,1,0,0.053
2235,100.86,79.59,104.06,81.11,0,0,0,0.053
2236,95.55,106.28,98.74,107.93,0,0,0,0.057
2237,154.04,159.54,157.17,161.06,0,0,0,0.052
2238,15.56,37.01,18.67,38.52,0,0,0,0.052
2239,127.52,143.56,130.71,145.09,0,0,0,0.054
2240,164.76,20.92,167.88,22.45,0,0,0,0.052
2241,106.20,148.73,109.50,150.40,0,0,0,0.06
2242,36.90,154.16,40.18,155.76,0,0,0,0.058
2243,26.21,399.16,29.32,400.84,0,0,0,0.058
2244,52.92,234.04,56.12,235.58,0,0,1,0.054
2245,95.52,324.53,98.80,326.09,0,0,0,0.056
2246,95.53,404.54,98.72,406.12,0,1,0,0.055
2247,127.41,212.74,130.51,214.36,0,0,0,0.055
2248,159.55,116.94,162.72,118.60,0,0,0,0.058
2249,15.57,26.33,18.71,27.99,0,1,0,0.057
2250,100.94,244.75,104.09,246.35,0,0,0,0.055
2251,127.41,399.13,130.58,400.81,0,1,0,0.058
2252,159.48,409.68,162.64,411.30,0,1,0,0.056
2253,15.65,170.11,18.84,171.80,0,0,0,0.059
2254,100.94,84.89,104.13,86.57,0,1,0,0.059
2255,63.61,393.84,66.87,395.36,0,0,0,0.054
2256,132.84,175.52,136.07,177.18,0,0,0,0.059
2257,15.72,329.86,18.93,331.47,0,0,0,0.056
2258,52.88,111.55,56.11,113.11,0,0,0,0.055
2259,180.80,228.69,183.92,230.20,0,0,0,0.052
2260,148.79,340.61,152.04,342.14,0,1,0,0.054
2261,4.95,116.89,8.16,118.44,0,1,0,0.055
2262,159.42,324.49,162.59,326.01,0,0,0,0.053
2263,143.45,393.86,146.72,395.48,0,0,0,0.058
2264,21.01,10.34,24.18,11.88,0,0,0,0.053
2265,154.19,84.88,157.38,86.42,0,0,0,0.054
2266,170.11,207.44,173.27,209.12,0,0,0,0.058
2267,42.29,79.61,45.45,81.23,0,0,0,0.056
2268,63.49,196.80,66.69,198.30,0,0,1,0.053
2269,154.15,399.16,157.37,400.81,0,0,0,0.058
2270,95.51,20.99,98.72,22.64,0,1,0,0.058
2271,58.20,409.79,61.45,411.46,0,0,0,0.059
2272,143.41,329.96,146.58,331.63,0,1,0,0.058
2273,42.19,250.02,45.48,251.54,0,0,1,0.055
2274,111.48,388.44,114.74,389.99,0,0,0,0.055
2275,180.67,84.95,183.95,86.51,0,0,0,0.056
2276,79.53,180.69,82.76,182.35,0,0,1,0.059
2277,170.20,116.85,173.45,118.45,0,0,0,0.057
2278,100.80,185.99,103.98,187.67,0,0,0,0.059
2279,47.58,329.84,50.76,331.43,0,0,0,0.056
2280,175.49,159.42,178.68,161.06,0,1,0,0.057
2281,159.39,223.35,162.58,224.98,0,0,0,0.057
2282,26.37,377.76,29.64,379.34,0,0,0,0.056
2283,164.79,196.70,167.98,198.21,0,0,0,0.053
2284,95.62,223.46,98.76,225.08,0,1,0,0.056
2285,111.61,15.73,114.90,17.31,0,0,0,0.057
2286,74.31,218.07,77.43,219.65,0,0,1,0.054
2287,95.47,47.60,98.62,49.19,0,0,0,0.055
2288,148.77,207.31,152.06,208.89,0,0,0,0.057
2289,138.12,345.89,141.27,347.42,0,0,0,0.053
2290,116.78,377.89,120.06,379.42,0,0,0,0.055
2291,127.47,303.26,130.66,304.80,0,0,0,0.054
2292,74.26,313.93,77.42,315.45,0,0,0,0.052
2293,143.39,409.77,146.51,411.46,0,0,0,0.058
2294,26.35,164.70,29.60,166.35,0,0,1,0.059
2295,63.63,148.85,66.89,150.47,0,0,0,0.058
2296,143.52,228.74,146.63,230.31,0,0,0,0.053
2297,164.80,10.34,167.96,11.99,0,1,0,0.057
2298,111.56,42.26,114.69,43.93,0,0,0,0.057
2299,63.53,100.80,66.81,102.46,0,0,0,0.06
2300,10.42,191.31,13.65,192.89,0,0,0,0.056
2301,180.83,271.37,183.94,272.97,0,0,0,0.054
2302,52.88,154.21,56.04,155.84,0,0,0,0.056
2303,132.89,244.61,136.04,246.13,0,0,0,0.053
2304,52.95,100.82,56.22,102.33,0,1,0,0.054
2305,148.72,218.04,151.96,219.60,0,0,0,0.055
2306,4.96,409.83,8.08,411.52,0,0,0,0.058
2307,63.62,319.33,66.84,320.83,0,1,0,0.053
2308,122.13,388.39,125.23,390.01,0,0,0,0.055
2309,111.42,223.42,114.71,225.00,0,0,0,0.056
2310,52.90,4.99,56.06,6.62,0,0,0,0.056
2311,10.42,356.43,13.65,358.11,0,0,0,0.06
2312,52.89,340.54,56.18,342.23,0,0,0,0.06
2313,164.80,111.56,167.96,113.07,0,0,0,0.052
2314,148.80,196.83,151.99,198.41,0,0,0,0.055
2315,68.87,223.34,72.05,224.95,0,1,1,0.056
2316,100.84,148.86,104.02,150.39,0,1,0,0.053
2317,42.21,218.10,45.47,219.79,0,0,1,0.06
2318,90.24,361.90,93.49,363.44,0,0,0,0.055
2319,100.79,132.77,104.02,134.42,0,0,0,0.058
2320,58.31,90.13,61.52,91.76,0,1,0,0.057
2321,68.98,106.25,72.12,107.83,0,0,0,0.055
2322,47.65,287.30,50.93,288.87,0,1,1,0.056
2323,63.53,218.00,66.76,219.69,0,0,1,0.06
2324,100.82,271.25,103.94,272.77,0,1,0,0.052
2325,180.68,196.73,183.93,198.38,0,0,0,0.058
2326,164.87,132.90,167.98,134.50,0,0,0,0.055
2327,100.96,367.09,104.18,368.75,0,1,0,0.059
2328,170.06,47.57,173.35,49.16,0,0,0,0.057
2329,42.26,329.93,45.39,331.46,0,0,0,0.053
2330,116.81,345.95,119.95,347.60,0,0,0,0.056
2331,116.86,63.66,120.15,65.36,0,1,0,0.061
2332,21.04,409.67,24.14,411.33,0,0,0,0.056
2333,15.75,196.76,18.95,198.34,0,0,0,0.055
2334,42.27,196.65,45.45,198.18,0,0,1,0.053
2335,21.06,207.43,24.18,209.12,0,0,1,0.058
2336,26.30,42.26,29.54,43.82,0,0,0,0.055
2337,132.87,239.29,135.97,240.86,0,0,0,0.054
2338,15.69,90.19,18.87,91.81,0,0,0,0.057
2339,74.24,292.53,77.39,294.09,0,1,1,0.054
2340,111.59,377.77,114.76,379.37,0,0,0,0.056
2341,52.96,95.44,56.14,97.06,0,0,0,0.056
2342,26.33,228.78,29.53,230.36,0,0,1,0.055
2343,10.23,47.52,13.50,49.08,0,0,0,0.056
2344,164.87,377.86,167.99,379.43,0,0,0,0.054
2345,15.66,239.34,18.88,241.00,0,0,0,0.058
2346,132.83,377.83,136.00,379.45,0,0,0,0.056
2347,148.87,37.02,151.99,38.64,0,0,0,0.055
2348,84.80,404.43,88.09,406.02,0,0,0,0.057
2349,111.49,186.14,114.60,187.69,0,0,0,0.053
2350,95.48,228.69,98.63,230.35,0,0,0,0.057
2351,74.24,399.08,77.39,400.67,0,0,0,0.055
2352,170.12,31.62,173.29,33.18,0,0,0,0.054
2353,148.85,4.98,152.08,6.57,0,0,0,0.056
2354,58.20,276.71,61.31,278.30,0,0,1,0.054
2355,58.33,42.25,61.57,43.87,0,1,0,0.057
2356,154.06,361.87,157.27,363.40,0,0,0,0.054
2357,42.24,260.68,45.49,262.23,0,0,1,0.055
2358,42.28,303.19,45.56,304.77,0,1,0,0.057
2359,148.85,74.15,152.03,75.77,0,0,0,0.056
2360,26.26,345.94,29.43,347.46,0,0,0,0.053
2361,74.31,324.64,77.60,326.28,0,0,0,0.059
2362,127.46,68.84,130.72,70.45,0,1,0,0.057
2363,58.18,297.99,61.39,299.60,0,0,0,0.057
2364,52.97,52.97,56.21,54.63,0,0,0,0.059
2365,47.68,223.32,50.82,224.89,0,0,1,0.054
2366,74.23,303.25,77.46,304.76,0,0,0,0.053
2367,84.85,154.13,88.09,155.71,0,0,0,0.056
2368,47.57,303.31,50.69,304.87,0,0,0,0.053
2369,148.78,106.20,152.05,107.79,0,1,0,0.057
2370,116.77,233.96,119.98,235.59,0,1,0,0.057
2371,170.10,20.90,173.26,22.42,0,1,0,0.052
2372,170.02,271.31,173.24,272.85,0,0,0,0.054
2373,15.61,42.29,18.73,43.79,0,0,0,0.051
2374,111.44,100.80,114.65,102.48,0,0,0,0.059
2375,159.36,276.66,162.50,278.30,0,0,0,0.056
2376,84.85,228.62,88.08,230.25,0,0,0,0.058
2377,111.55,127.50,114.73,129.06,0,1,0,0.055
2378,143.46,340.59,146.72,342.23,0,0,0,0.059
2379,5.02,244.76,8.12,246.34,0,0,0,0.054
2380,154.15,164.87,157.30,166.56,0,0,0,0.058
2381,143.56,239.40,146.74,240.98,0,0,0,0.055
2382,26.31,335.25,29.60,336.78,0,0,0,0.055
2383,148.73,271.31,152.00,272.93,0,0,0,0.058
2384,159.53,138.12,162.70,139.63,0,0,0,0.052
2385,42.21,180.83,45.47,182.37,0,0,1,0.055
2386,100.77,255.32,103.97,256.90,0,0,0,0.055
2387,63.59,276.68,66.88,278.23,0,1,1,0.056
2388,164.83,180.74,167.95,182.38,0,0,0,0.056
2389,138.17,372.59,141.32,374.15,0,0,0,0.054
2390,154.04,239.25,157.17,240.88,0,0,0,0.056
2391,143.52,170.16,146.63,171.68,0,0,0,0.052
2392,90.31,106.26,93.42,107.94,0,0,0,0.057
2393,111.60,47.52,114.73,49.13,0,0,0,0.055
2394,84.98,143.48,88.16,145.17,0,1,0,0.059
2395,106.29,84.83,109.44,86.45,0,0,0,0.056
2396,31.54,127.50,34.82,129.10,0,1,0,0.057
2397,58.31,335.21,61.43,336.78,0,1,0,0.054
2398,90.13,191.46,93.36,192.98,0,1,0,0.054
2399,26.26,31.72,29.36,33.28,0,0,0,0.053
2400,58.27,255.30,61.46,256.87,0,0,1,0.055
2401,180.78,361.92,184.05,363.60,0,1,0,0.06
2402,4.94,63.65,8.12,65.30,0,1,0,0.058
2403,95.58,68.97,98.71,70.48,0,0,0,0.052
2404,42.31,106.19,45.58,107.79,0,0,0,0.057
2405,143.38,186.16,146.61,187.70,0,0,0,0.054
2406,175.45,292.65,178.65,294.17,0,0,0,0.053
2407,79.56,228.64,82.84,230.24,0,0,1,0.057
2408,26.22,207.33,29.44,208.92,0,1,1,0.056
2409,148.74,303.33,151.88,305.03,0,0,0,0.058
2410,42.36,148.86,45.57,150.49,0,0,0,0.057
2411,106.13,340.45,109.42,342.13,0,1,0,0.06
2412,148.80,255.30,152.01,256.91,0,0,0,0.056
2413,36.94,74.17,40.18,75.84,0,0,0,0.059
2414,111.47,276.53,114.76,278.03,0,0,0,0.054
2415,63.56,361.91,66.78,363.51,0,0,0,0.056
2416,74.31,186.05,77.44,187.64,0,1,1,0.054
2417,154.08,148.77,157.23,150.36,0,0,0,0.055
2418,132.80,249.92,136.02,251.45,0,0,0,0.054
2419,52.84,335.15,55.94,336.69,0,0,0,0.052
2420,47.55,340.62,50.75,342.23,0,0,0,0.056
2421,37.03,10.24,40.21,11.77,0,1,0,0.053
2422,74.24,100.80,77.50,102.31,0,0,0,0.054
2423,116.77,106.18,119.91,107.70,0,0,0,0.052
2424,26.32,313.97,29.43,315.53,0,0,0,0.053
2425,159.51,58.20,162.71,59.86,0,0,0,0.058
2426,111.56,196.66,114.72,198.22,0,0,0,0.054
2427,4.98,52.96,8.18,54.59,0,1,0,0.057
2428,122.15,36.88,125.40,38.45,0,0,0,0.056
2429,31.67,191.34,34.91,192.88,0,0,1,0.054
2430,20.99,58.36,24.11,60.00,0,0,0,0.056
2431,79.58,90.15,82.82,91.84,0,1,0,0.06
2432,15.60,58.23,18.80,59.74,0,0,0,0.053
2433,180.78,74.20,184.01,75.87,0,0,0,0.059
2434,180.78,388.45,184.04,390.09,0,0,0,0.058
2435,127.59,260.64,130.73,262.26,0,0,0,0.056
2436,122.12,345.89,125.31,347.57,0,0,0,0.058
2437,170.20,234.11,173.44,235.72,0,0,0,0.057
2438,100.96,308.61,104.18,310.26,0,0,0,0.058
2439,31.71,79.60,34.88,81.18,0,0,0,0.055
2440,186.07,329.84,189.36,331.45,0,0,0,0.058
2441,95.61,175.51,98.81,177.17,0,0,0,0.058
2442,138.21,340.48,141.49,342.09,0,0,0,0.058
2443,100.87,31.55,104.00,33.07,0,1,0,0.052
2444,20.88,377.74,24.04,379.30,0,0,0,0.054
2445,74.26,132.91,77.42,134.60,0,0,0,0.059
2446,15.57,303.30,18.84,304.84,0,0,0,0.055
2447,63.50,255.40,66.73,257.09,0,0,1,0.06
2448,106.19,233.93,109.32,235.45,0,1,0,0.052
2449,122.19,196.76,125.45,198.32,0,0,0,0.056
2450,116.82,260.71,119.98,262.22,0,0,0,0.052
2451,106.17,10.38,109.29,11.97,0,0,0,0.055
2452,186.11,260.70,189.37,262.32,0,0,0,0.058
2453,31.58,367.20,34.73,368.86,0,0,0,0.057
2454,186.06,21.02,189.24,22.55,0,0,0,0.053
2455,68.95,383.06,72.12,384.76,0,0,0,0.059
2456,47.65,154.14,50.92,155.65,0,0,0,0.054
2457,84.87,223.35,88.00,224.90,0,0,0,0.053
2458,175.44,377.79,178.63,379.35,0,1,0,0.054
2459,42.37,233.94,45.66,235.47,0,0,1,0.055
2460,180.80,138.19,183.95,139.84,0,0,0,0.057
2461,15.57,223.35,18.79,225.03,0,0,0,0.059
2462,143.48,95.57,146.65,97.17,0,0,0,0.055
2463,111.49,260.59,114.73,262.20,0,1,0,0.057
2464,122.19,303.16,125.44,304.77,0,0,0,0.057
2465,100.96,356.58,104.14,358.18,0,0,0,0.056
2466,100.85,393.78,104.03,395.37,0,0,0,0.055
2467,143.57,116.85,146.80,118.53,0,0,0,0.059
2468,186.13,271.36,189.30,272.98,0,0,0,0.056
2469,132.88,106.25,136.10,107.83,0,0,0,0.056
2470,68.86,154.16,72.05,155.80,0,0,0,0.057
2471,175.36,415.05,178.60,416.62,0,0,0,0.056
2472,100.82,68.89,103.95,70.44,0,1,0,0.053
2473,47.65,351.26,50.77,352.83,0,0,0,0.054
2474,58.19,20.93,61.39,22.49,0,0,0,0.054
2475,10.35,212.72,13.55,214.28,0,1,0,0.054
2476,21.00,266.01,24.19,267.70,0,1,1,0.059
2477,111.44,191.38,114.57,193.04,0,0,0,0.057
2478,170.10,228.62,173.28,230.31,0,0,0,0.059
2479,138.25,74.28,141.43,75.95,0,0,0,0.058
2480,47.66,164.68,50.96,166.21,0,1,1,0.055
2481,122.24,367.08,125.42,368.70,0,0,0,0.056
2482,69.01,340.47,72.24,342.05,0,0,0,0.056
2483,100.92,143.51,104.07,145.17,0,0,0,0.057
2484,68.89,58.29,72.14,59.98,0,0,0,0.06
2485,143.57,335.24,146.82,336.89,0,0,0,0.059
2486,10.26,122.13,13.51,123.80,0,0,0,0.059
2487,116.90,47.54,120.14,49.23,0,0,0,0.06
2488,37.05,319.24,40.28,320.91,0,0,0,0.059
2489,10.27,287.21,13.43,288.81,0,0,0,0.056
2490,68.82,255.30,72.08,256.94,0,0,1,0.058
2491,26.27,37.04,29.48,38.65,0,0,0,0.057
2492,159.42,340.47,162.55,342.11,0,0,0,0.056
2493,116.86,335.16,120.04,336.77,0,1,0,0.056
2494,148.71,228.67,151.87,230.29,0,0,0,0.056
2495,26.34,180.84,29.48,182.41,0,0,1,0.054
2496,154.08,324.51,157.35,326.15,0,0,0,0.059
2497,106.22,95.54,109.36,97.17,0,1,0,0.056
2498,106.28,335.15,109.46,336.84,0,0,0,0.059
2499,52.97,47.51,56.21,49.02,0,0,0,0.053
2500,106.28,21.07,109.51,22.58,0,0,0,0.053
2501,138.23,90.26,141.42,91.78,0,0,0,0.053
2502,58.19,218.14,61.36,219.72,0,0,1,0.055
2503,159.52,233.96,162.75,235.61,0,0,0,0.058
2504,90.22,127.49,93.51,129.03,0,0,0,0.055
2505,116.76,250.04,119.91,251.73,0,0,0,0.058
2506,90.31,271.23,93.48,272.81,0,0,0,0.055
2507,10.40,159.54,13.53,161.13,0,0,0,0.055
2508,132.81,127.50,136.10,129.13,0,0,0,0.058
2509,58.21,202.08,61.34,203.62,0,0,1,0.053
2510,58.21,36.89,61.33,38.47,0,0,0,0.054
2511,90.13,319.28,93.30,320.98,0,0,0,0.059
2512,180.71,260.55,183.86,262.10,0,0,0,0.054
2513,79.47,367.21,82.74,368.79,0,0,0,0.057
2514,31.54,15.58,34.65,17.17,0,1,0,0.054
2515,132.92,415.08,136.05,416.58,0,0,0,0.052
2516,111.50,399.02,114.68,400.72,0,0,0,0.059
2517,42.25,4.99,45.50,6.58,0,0,0,0.057
2518,58.24,31.61,61.54,33.18,0,0,0,0.057
2519,90.13,170.17,93.38,171.76,0,0,0,0.056
2520,122.08,79.58,125.22,81.08,0,1,0,0.052
2521,164.79,148.79,168.07,150.39,0,1,0,0.058
2522,180.74,233.92,184.02,235.49,0,0,0,0.056
2523,95.62,345.89,98.76,347.49,0,0,0,0.055
2524,106.22,164.72,109.42,166.35,0,0,0,0.057
2525,68.90,180.71,72.04,182.31,0,0,1,0.055
2526,154.16,111.58,157.44,113.12,0,0,0,0.055
2527,175.48,15.66,178.58,17.26,0,0,0,0.054
2528,159.43,297.97,162.59,299.53,0,0,0,0.054
2529,132.86,159.54,136.07,161.06,0,0,0,0.053
2530,47.59,239.25,50.80,240.80,0,1,1,0.054
2531,127.49,388.44,130.70,390.12,0,1,0,0.059
2532,79.48,164.73,82.72,166.30,0,0,1,0.056
2533,148.84,281.94,151.97,283.51,0,0,0,0.054
2534,79.59,393.73,82.85,395.35,0,0,0,0.058
2535,164.69,244.69,167.85,246.21,0,0,0,0.053
2536,143.40,255.32,146.51,256.90,0,1,0,0.054
2537,26.40,138.23,29.69,139.74,0,1,0,0.054
2538,15.68,409.76,18.93,411.35,0,0,0,0.057
2539,138.16,351.28,141.45,352.93,0,0,0,0.059
2540,84.79,393.87,88.06,395.41,0,0,0,0.055
2541,31.54,84.92,34.74,86.44,0,1,0,0.053
2542,63.54,260.65,66.83,262.24,0,0,1,0.057
2543,95.56,361.77,98.74,363.30,0,0,0,0.053
2544,154.21,345.91,157.50,347.61,0,0,0,0.061
2545,58.18,159.50,61.31,161.18,0,0,1,0.057
2546,90.20,239.36,93.42,240.86,0,0,0,0.053
2547,31.72,393.82,34.89,395.38,0,0,0,0.054
2548,138.09,303.23,141.36,304.90,0,1,0,0.06
2549,74.33,287.28,77.58,288.83,0,0,1,0.055
2550,143.56,260.69,146.80,262.32,0,0,0,0.058
2551,58.35,100.90,61.60,102.53,0,0,0,0.058
2552,180.73,303.26,183.96,304.94,0,0,0,0.06
2553,175.43,260.72,178.65,262.28,0,1,0,0.055
2554,159.46,15.69,162.66,17.23,0,0,0,0.054
2555,68.91,47.61,72.04,49.20,0,0,0,0.055
2556,148.74,47.68,151.93,49.33,0,0,0,0.058
2557,42.22,255.27,45.43,256.91,0,1,1,0.057
2558,5.00,47.67,8.16,49.26,0,0,0,0.055
2559,148.74,180.80,151.92,182.40,0,0,0,0.056
2560,20.94,170.10,24.05,171.68,0,0,1,0.054
2561,10.28,218.02,13.40,219.59,0,0,0,0.054
2562,90.31,297.97,93.49,299.53,0,0,0,0.054
2563,132.79,266.00,135.95,267.67,0,1,0,0.058
2564,47.58,122.16,50.81,123.77,0,0,0,0.057
2565,15.56,106.21,18.72,107.90,0,0,0,0.058
2566,170.08,100.82,173.23,102.37,0,0,0,0.054
2567,58.20,319.19,61.43,320.86,0,0,0,0.059
2568,84.86,95.60,87.97,97.28,0,0,0,0.057
2569,143.41,191.44,146.66,193.07,0,0,0,0.058
2570,116.91,367.07,120.20,368.70,0,0,0,0.059
2571,111.48,383.11,114.72,384.74,0,0,0,0.058
2572,154.15,415.10,157.28,416.69,0,0,0,0.055
2573,10.29,74.33,13.53,75.96,0,1,0,0.058
2574,79.58,324.60,82.77,326.23,0,1,0,0.057
2575,111.45,244.58,114.65,246.27,0,1,0,0.059
2576,138.12,393.86,141.27,395.39,0,0,0,0.053
2577,21.02,303.20,24.29,304.74,0,0,0,0.055
2578,122.13,409.70,125.24,411.37,0,0,0,0.057
2579,180.74,297.83,183.91,299.53,0,0,0,0.059
2580,127.58,377.78,130.73,379.48,0,0,0,0.058
2581,180.67,324.53,183.93,326.20,0,0,0,0.059
2582,20.91,249.95,24.15,251.50,0,1,1,0.055
2583,79.66,26.33,82.80,27.84,0,0,0,0.052
2584,143.57,308.57,146.76,310.13,0,0,0,0.054
2585,31.66,244.69,34.88,246.24,0,0,1,0.054
2586,154.03,186.12,157.31,187.80,0,0,0,0.06
2587,164.78,74.32,168.04,75.94,0,0,0,0.058
2588,31.58,170.15,34.69,171.74,0,0,1,0.054
2589,127.44,292.70,130.68,294.24,0,0,0,0.055
2590,74.31,191.48,77.59,193.14,0,0,1,0.059
2591,79.49,202.03,82.66,203.62,0,0,1,0.055
2592,164.87,36.93,168.01,38.51,0,0,0,0.055
2593,138.22,191.35,141.34,192.95,0,0,0,0.055
2594,47.70,15.71,50.85,17.31,0,0,0,0.056
2595,170.09,15.67,173.27,17.35,0,1,0,0.059
2596,100.91,345.86,104.17,347.44,0,0,0,0.056
2597,180.82,308.49,184.07,310.10,0,0,0,0.057
2598,53.03,276.55,56.16,278.06,0,0,1,0.052
2599,154.19,223.32,157.43,224.84,0,0,0,0.054
2600,132.86,186.01,136.16,187.66,0,0,0,0.059
2601,53.02,361.84,56.21,363.50,0,0,0,0.058
2602,10.41,340.51,13.68,342.11,0,0,0,0.057
2603,132.89,287.37,136.06,288.98,0,0,0,0.056
2604,5.07,287.29,8.19,288.83,0,0,0,0.053
2605,100.86,116.93,103.97,118.46,0,0,0,0.052
2606,170.13,196.68,173.40,198.26,0,1,0,0.056
2607,63.59,287.19,66.75,288.70,0,0,1,0.052
2608,5.09,399.05,8.33,400.60,0,1,0,0.055
2609,90.31,303.20,93.44,304.73,0,0,0,0.053
2610,106.15,404.41,109.39,405.96,0,1,0,0.055
2611,52.91,393.84,56.19,395.52,0,0,0,0.06
2612,180.80,154.06,183.93,155.66,0,0,0,0.055
2613,122.17,212.76,125.32,214.44,0,1,0,0.058
2614,100.85,15.73,104.08,17.24,0,1,0,0.054
2615,47.61,367.16,50.86,368.72,0,1,0,0.055
2616,186.17,266.02,189.34,267.57,0,0,0,0.054
2617,79.58,138.16,82.80,139.81,0,0,0,0.058
2618,42.27,138.20,45.56,139.72,0,0,0,0.055
2619,106.14,351.21,109.29,352.84,0,0,0,0.056
2620,10.25,201.99,13.41,203.57,0,1,0,0.055
2621,10.38,351.11,13.59,352.73,0,0,0,0.057
2622,180.68,345.88,183.86,347.48,0,0,0,0.056
2623,148.83,383.20,152.09,384.82,0,0,0,0.058
2624,95.47,393.77,98.70,395.33,0,0,0,0.055
2625,138.06,154.14,141.16,155.71,0,0,0,0.054
2626,127.50,127.48,130.78,129.00,0,1,0,0.054
2627,100.79,159.38,104.07,160.90,0,0,0,0.054
2628,122.23,377.90,125.45,379.58,0,0,0,0.059
2629,15.55,313.85,18.81,315.36,0,0,0,0.054
2630,68.91,36.99,72.10,38.56,0,0,0,0.055
2631,148.72,313.85,151.84,315.36,0,1,0,0.052
2632,164.81,154.06,168.05,155.71,0,0,0,0.058
2633,90.23,340.60,93.36,342.11,0,0,0,0.052
2634,175.36,95.45,178.55,97.06,0,0,0,0.056
2635,127.50,47.52,130.69,49.06,0,0,0,0.054
2636,68.92,345.81,72.06,347.34,0,1,0,0.052
2637,143.51,132.90,146.71,134.54,0,0,0,0.057
2638,106.19,287.30,109.35,288.97,0,0,0,0.058
2639,148.80,239.29,151.99,240.89,0,0,0,0.056
2640,84.88,47.58,87.98,49.08,0,0,0,0.051
2641,68.94,116.93,72.21,118.59,0,0,0,0.059
2642,148.77,356.53,152.01,358.16,0,0,0,0.058
2643,63.60,122.17,66.73,123.83,0,0,0,0.057
2644,154.07,191.33,157.18,192.85,0,0,0,0.052
2645,143.43,324.56,146.72,326.26,0,0,0,0.061
2646,68.92,319.23,72.15,320.86,0,0,0,0.058
2647,132.92,52.93,136.09,54.49,0,0,0,0.054
2648,42.33,207.47,45.57,209.14,0,0,1,0.059
2649,74.16,415.11,77.30,416.66,0,0,0,0.053
2650,143.40,154.18,146.67,155.68,0,0,0,0.054
2651,26.35,5.07,29.50,6.76,0,0,0,0.058
2652,79.59,116.85,82.88,118.37,0,0,0,0.055
2653,42.35,175.38,45.51,176.96,0,0,1,0.055
2654,106.21,223.44,109.48,225.05,0,1,0,0.058
2655,95.56,52.84,98.84,54.50,0,0,0,0.06
2656,180.81,340.59,184.03,342.13,0,0,0,0.054
2657,127.56,393.83,130.85,395.49,0,1,0,0.06
2658,74.24,79.62,77.52,81.31,0,0,0,0.06
2659,122.11,356.47,125.29,358.04,0,0,0,0.055
2660,175.48,244.76,178.62,246.45,0,0,0,0.058
2661,31.72,297.97,34.86,299.47,0,0,0,0.052
2662,74.22,340.60,77.37,342.13,0,0,0,0.053
2663,111.51,111.45,114.70,112.96,0,0,0,0.053
2664,100.90,42.24,104.20,43.86,0,0,0,0.058
2665,148.73,63.67,151.86,65.28,0,0,0,0.055
2666,185.99,351.26,189.25,352.80,0,0,0,0.055
2667,90.29,154.20,93.41,155.78,0,0,0,0.054
2668,95.48,297.95,98.70,299.54,0,1,0,0.056
2669,42.37,372.43,45.50,374.06,0,0,0,0.056
2670,132.83,42.38,136.02,43.97,0,0,0,0.056
2671,36.99,260.67,40.22,262.34,0,1,1,0.059
2672,90.26,292.57,93.53,294.18,0,0,0,0.057
2673,68.83,287.18,72.11,288.75,0,1,1,0.056
2674,5.04,356.58,8.27,358.14,0,1,0,0.055
2675,148.70,393.81,151.97,395.37,0,1,0,0.056
2676,127.42,271.25,130.54,272.76,0,1,0,0.052
2677,95.49,90.18,98.69,91.76,0,1,0,0.055
2678,31.69,218.00,34.80,219.65,0,1,1,0.056
2679,186.06,138.20,189.20,139.88,0,0,0,0.058
2680,90.27,31.66,93.55,33.26,0,0,0,0.057
2681,180.70,393.80,183.94,395.43,0,0,0,0.058
2682,10.24,138.17,13.50,139.74,0,0,0,0.056
2683,26.27,351.24,29.50,352.84,0,0,0,0.056
2684,68.96,244.64,72.23,246.19,0,0,1,0.055
2685,127.51,196.75,130.77,198.25,0,1,0,0.054
2686,90.30,207.37,93.53,208.87,0,0,0,0.053
2687,170.10,58.35,173.20,59.89,0,0,0,0.052
2688,143.51,26.31,146.70,27.93,0,0,0,0.056
2689,175.52,303.20,178.74,304.89,0,0,0,0.059
2690,132.89,191.36,136.07,192.87,0,0,0,0.052
2691,180.79,95.64,184.07,97.18,0,0,0,0.055
2692,127.51,90.12,130.77,91.80,0,0,0,0.06
2693,148.81,409.78,152.00,411.28,0,0,0,0.052
2694,84.84,303.23,87.98,304.76,0,0,0,0.053
2695,127.56,191.48,130.76,193.06,0,0,0,0.055
2696,36.99,313.90,40.13,315.44,0,0,0,0.053
2697,63.68,186.07,66.96,187.58,0,1,1,0.054
2698,138.09,329.90,141.27,331.47,0,0,0,0.054
2699,143.57,377.72,146.85,379.37,0,0,0,0.059
2700,47.55,5.08,50.74,6.63,0,0,0,0.054
2701,58.19,393.88,61.30,395.40,0,1,0,0.052
2702,68.83,260.62,72.00,262.20,0,0,1,0.055
2703,100.82,372.56,104.11,374.14,0,1,0,0.057
2704,90.17,138.06,93.31,139.57,0,1,0,0.052
2705,138.17,377.78,141.38,379.33,0,0,0,0.054
2706,36.99,244.65,40.13,246.32,0,1,1,0.058
2707,79.58,340.44,82.76,342.05,0,0,0,0.056
2708,10.33,4.96,13.51,6.65,0,0,0,0.059
2709,36.97,15.62,40.25,17.21,0,0,0,0.057
2710,5.09,340.62,8.25,342.19,0,1,0,0.054
2711,159.40,239.25,162.67,240.82,0,0,0,0.056
2712,95.46,383.24,98.76,384.89,0,0,0,0.059
2713,31.53,116.79,34.65,118.45,0,0,0,0.057
2714,122.26,372.58,125.51,374.23,0,1,0,0.059
2715,111.56,170.11,114.71,171.77,0,0,0,0.057
2716,175.53,74.32,178.64,75.97,0,0,0,0.056
2717,58.35,404.39,61.63,406.01,0,0,0,0.058
2718,26.27,223.42,29.46,225.11,0,1,1,0.059
2719,68.93,324.61,72.09,326.13,0,0,0,0.053
2720,132.88,58.18,136.03,59.74,0,0,0,0.054
2721,148.89,265.97,152.15,267.52,0,1,0,0.055
2722,20.91,202.15,24.14,203.75,0,0,1,0.056
2723,5.07,106.21,8.29,107.88,0,0,0,0.059
2724,84.83,26.40,88.11,28.00,0,0,0,0.057
2725,84.86,308.63,87.98,310.25,0,0,0,0.055
2726,175.52,42.32,178.65,43.85,0,0,0,0.052
2727,111.44,281.97,114.61,283.55,0,0,0,0.055
2728,148.79,250.03,152.05,251.59,0,0,0,0.055
2729,154.20,244.76,157.38,246.43,0,1,0,0.058
2730,132.73,218.07,135.93,219.75,0,0,0,0.059
2731,84.84,148.71,88.04,150.37,0,0,0,0.058
2732,74.31,335.21,77.55,336.81,0,0,0,0.057
2733,148.74,377.80,151.92,379.44,0,0,0,0.057
