,tl_x,tl_y,br_x,br_y,type,side,step,time
0,312.00,16.00,317.00,21.00,2,0,0,0.25
1,1.09,169.02,4.78,178.87,1,0,0,0.363
2,11.55,135.97,14.75,137.60,0,0,0,0.057
3,37.71,293.16,40.89,294.81,0,1,0,0.058
4,181.78,116.40,184.98,117.90,0,0,0,0.052
5,312.77,18.12,316.04,19.69,0,0,0,0.056
6,135.96,286.57,139.10,288.19,0,0,1,0.056
7,83.63,221.15,86.87,222.83,0,0,0,0.059
8,116.22,293.06,119.42,294.62,0,1,1,0.055
9,234.08,332.31,237.20,333.82,0,0,0,0.051
10,11.62,162.11,14.87,163.81,0,0,0,0.06
11,306.24,266.81,309.44,268.37,0,0,0,0.054
12,122.95,135.91,126.10,137.61,0,1,0,0.059
13,194.90,18.12,198.04,19.71,0,0,0,0.055
14,299.65,253.85,302.84,255.46,0,0,0,0.056
15,103.27,103.13,106.46,104.80,0,0,0,0.058
16,4.90,247.34,8.12,248.93,0,0,0,0.056
17,142.56,293.16,145.79,294.67,0,0,1,0.053
18,273.45,332.37,276.58,334.05,0,0,0,0.057
19,83.48,175.18,86.74,176.81,0,0,0,0.058
20,208.01,11.48,211.28,13.07,0,0,0,0.057
21,280.01,129.33,283.26,130.91,0,0,0,0.056
22,201.53,155.60,204.71,157.15,0,1,0,0.054
23,24.65,44.24,27.82,45.74,0,0,0,0.052
24,135.91,273.54,139.15,275.21,0,1,1,0.059
25,168.71,129.51,171.85,131.09,0,0,0,0.054
26,306.15,319.20,309.34,320.89,0,0,0,0.059
27,220.99,234.22,224.17,235.78,0,0,0,0.054
28,234.20,339.01,237.32,340.57,0,0,0,0.054
29,253.83,90.19,257.08,91.70,0,0,0,0.053
30,11.63,155.57,14.84,157.26,0,0,0,0.059
31,168.71,18.08,171.92,19.66,0,0,0,0.056
32,24.69,306.16,27.88,307.72,0,0,0,0.054
33,279.91,122.81,283.07,124.41,0,1,0,0.055
34,227.60,122.96,230.82,124.59,0,0,0,0.058
35,103.31,83.54,106.42,85.24,0,0,0,0.058
36,24.59,220.99,27.76,222.62,0,0,0,0.057
37,83.63,63.91,86.87,65.59,0,0,0,0.059
38,70.46,122.84,73.59,124.36,0,0,0,0.052
39,18.14,50.86,21.35,52.46,0,1,0,0.056
40,266.84,234.10,269.97,235.69,0,0,0,0.055
41,175.27,149.03,178.45,150.64,0,1,0,0.056
42,96.72,201.37,99.94,202.98,0,0,0,0.057
43,175.22,286.51,178.46,288.06,0,0,1,0.055
44,175.31,50.81,178.57,52.47,0,1,0,0.059
45,280.04,339.02,283.33,340.63,0,0,0,0.057
46,149.13,90.05,152.26,91.66,0,0,0,0.055
47,299.65,129.36,302.78,131.01,0,0,0,0.057
48,96.57,162.09,99.77,163.77,0,0,0,0.059
49,319.26,109.79,322.51,111.46,0,1,0,0.059
50,214.59,57.35,217.74,58.91,0,0,0,0.054
51,306.24,142.57,309.42,144.11,0,0,0,0.053
52,227.53,234.09,230.65,235.64,0,0,0,0.053
53,11.46,168.73,14.67,170.30,0,0,0,0.055
54,83.55,155.61,86.69,157.29,0,0,0,0.058
55,201.50,286.57,204.65,288.26,0,0,0,0.058
56,175.30,299.64,178.42,301.32,0,0,1,0.057
57,306.25,194.93,309.52,196.47,0,1,0,0.055
58,266.83,194.80,270.07,196.44,0,0,0,0.058
59,76.94,208.06,80.07,209.65,0,0,0,0.054
60,63.99,247.34,67.20,248.95,0,0,0,0.057
61,70.53,70.48,73.69,72.07,0,0,0,0.055
62,155.59,18.02,158.73,19.63,0,0,0,0.056
63,83.49,273.41,86.64,274.96,0,0,0,0.053
64,142.43,332.42,145.64,333.98,0,0,0,0.055
65,214.44,214.52,217.60,216.21,0,1,0,0.058
66,83.54,194.94,86.78,196.57,0,0,0,0.057
67,135.94,109.72,139.06,111.32,0,0,0,0.055
68,129.32,293.05,132.43,294.71,0,0,1,0.056
69,83.55,279.98,86.73,281.56,0,0,0,0.055
70,50.85,18.05,53.96,19.60,0,0,0,0.053
71,306.18,253.85,309.33,255.43,0,0,0,0.055
72,247.35,57.47,250.48,59.05,0,0,0,0.054
73,149.06,253.83,152.32,255.38,0,1,1,0.055
74,44.32,221.16,47.53,222.73,0,1,0,0.055
75,142.44,221.02,145.66,222.60,0,0,0,0.056
76,155.69,247.26,158.96,248.79,0,0,1,0.055
77,234.17,194.93,237.37,196.61,0,1,0,0.059
78,135.95,207.89,139.10,209.45,0,0,0,0.054
79,149.02,247.32,152.19,248.97,0,0,1,0.057
80,319.28,31.15,322.41,32.66,0,1,0,0.052
81,63.94,24.71,67.16,26.31,0,0,0,0.056
82,103.30,116.41,106.54,118.02,0,0,0,0.057
83,109.81,280.04,113.07,281.60,0,0,1,0.056
84,5.05,18.18,8.31,19.70,0,0,0,0.054
85,18.03,155.67,21.32,157.29,0,0,0,0.058
86,90.20,266.89,93.47,268.43,0,0,0,0.055
87,77.06,168.63,80.29,170.27,0,0,0,0.058
88,312.72,312.82,315.95,314.35,0,0,0,0.054
89,50.87,207.99,53.98,209.60,0,0,0,0.055
90,44.24,83.54,47.51,85.09,0,0,0,0.056
91,299.69,24.58,302.83,26.20,0,1,0,0.056
92,37.82,227.53,41.03,229.08,0,0,0,0.054
93,175.28,280.08,178.54,281.65,0,0,1,0.056
94,122.83,63.84,126.11,65.45,0,0,0,0.058
95,135.90,4.99,139.15,6.59,0,0,0,0.057
96,129.40,96.69,132.51,98.28,0,0,0,0.054
97,148.95,122.95,152.06,124.46,0,0,0,0.051
98,201.37,181.75,204.59,183.28,0,0,0,0.054
99,253.85,247.19,256.98,248.77,0,0,0,0.054
100,319.23,227.53,322.35,229.08,0,0,0,0.053
101,293.02,201.36,296.13,203.02,0,0,0,0.056
102,11.62,266.89,14.73,268.58,0,0,0,0.057
103,44.20,116.41,47.32,118.07,0,1,0,0.057
104,148.98,306.18,152.08,307.84,0,0,1,0.056
105,31.27,50.82,34.46,52.39,0,0,0,0.055
106,31.28,306.12,34.45,307.68,0,0,0,0.055
107,24.71,201.53,27.83,203.12,0,0,0,0.054
108,76.97,234.14,80.15,235.81,0,0,0,0.058
109,240.81,50.90,243.95,52.50,0,0,0,0.055
110,135.88,253.72,139.08,255.26,0,0,1,0.054
111,5.07,57.32,8.18,58.86,0,0,0,0.053
112,247.33,175.29,250.60,176.82,0,0,0,0.055
113,266.84,175.33,269.95,176.84,0,0,0,0.052
114,70.40,266.95,73.69,268.61,0,0,0,0.06
115,135.98,129.37,139.13,131.03,0,1,0,0.057
116,221.03,194.85,224.17,196.38,0,0,0,0.053
117,227.56,83.58,230.74,85.22,0,1,0,0.057
118,201.38,31.29,204.60,32.98,0,0,0,0.059
119,31.10,162.22,34.39,163.90,0,0,0,0.06
120,83.49,31.28,86.76,32.80,0,0,0,0.054
121,221.07,207.98,224.33,209.63,0,0,0,0.059
122,253.89,312.82,257.02,314.35,0,0,0,0.053
123,31.27,122.96,34.39,124.59,0,0,0,0.056
124,293.14,247.23,296.37,248.87,0,0,0,0.058
125,306.20,31.21,309.40,32.88,0,1,0,0.059
126,306.12,207.95,309.24,209.48,0,0,0,0.052
127,319.29,208.03,322.54,209.57,0,0,0,0.055
128,214.51,50.76,217.63,52.42,0,0,0,0.057
129,44.29,234.12,47.55,235.68,0,0,0,0.056
130,116.26,135.92,119.40,137.53,0,0,0,0.055
131,122.95,109.84,126.22,111.48,0,0,0,0.059
132,24.59,4.99,27.75,6.61,0,0,0,0.056
133,90.20,168.65,93.38,170.19,0,1,0,0.054
134,221.01,50.89,224.19,52.41,0,0,0,0.053
135,116.36,220.98,119.54,222.59,0,0,0,0.056
136,96.68,227.61,99.78,229.30,0,0,0,0.058
137,162.19,24.68,165.49,26.26,0,0,0,0.057
138,50.87,273.51,54.13,275.03,0,0,0,0.054
139,31.11,319.23,34.41,320.77,0,0,0,0.055
140,286.54,194.95,289.82,196.56,0,0,0,0.058
141,240.63,129.49,243.78,131.14,0,0,0,0.057
142,63.95,103.25,67.07,104.78,0,0,0,0.052
143,31.28,247.20,34.43,248.71,0,0,0,0.052
144,70.57,90.09,73.74,91.73,0,0,0,0.057
145,5.01,11.62,8.28,13.26,0,0,0,0.059
146,63.94,201.43,67.19,203.06,0,0,0,0.058
147,273.47,293.11,276.72,294.68,0,0,0,0.056
148,293.03,234.25,296.13,235.89,0,0,0,0.056
149,312.74,181.81,315.92,183.43,0,0,0,0.056
150,214.46,37.74,217.63,39.39,0,1,0,0.057
151,116.27,44.33,119.52,45.84,0,0,0,0.053
152,50.77,135.92,54.07,137.44,0,0,0,0.055
153,18.13,253.89,21.38,255.42,0,0,0,0.054
154,24.58,122.77,27.70,124.38,0,0,0,0.055
155,57.48,57.40,60.70,58.97,0,1,0,0.055
156,214.61,286.46,217.77,288.14,0,0,0,0.058
157,240.72,83.61,243.86,85.13,0,0,0,0.052
158,214.59,24.69,217.88,26.36,0,1,0,0.06
159,293.19,273.56,296.40,275.12,0,1,0,0.055
160,37.67,286.55,40.91,288.11,0,0,0,0.055
161,312.70,279.99,315.81,281.68,0,0,0,0.058
162,5.00,207.96,8.29,209.55,0,1,0,0.057
163,201.37,5.08,204.53,6.63,0,0,0,0.054
164,135.97,31.14,139.21,32.70,0,0,0,0.055
165,57.45,63.92,60.74,65.62,0,0,0,0.061
166,116.26,24.66,119.38,26.36,0,0,0,0.058
167,31.15,234.25,34.43,235.82,0,1,0,0.056
168,240.62,280.02,243.83,281.68,0,1,0,0.058
169,109.69,37.76,112.86,39.30,0,0,0,0.053
170,37.77,240.75,40.96,242.27,0,0,0,0.053
171,142.53,194.80,145.67,196.44,0,0,0,0.056
172,181.73,70.42,184.93,71.98,0,0,0,0.054
173,201.51,221.06,204.79,222.60,0,0,0,0.055
174,299.68,136.05,302.97,137.73,0,1,0,0.06
175,136.01,50.93,139.22,52.45,0,0,0,0.053
176,11.47,175.15,14.65,176.67,0,1,0,0.053
177,70.39,96.58,73.53,98.08,0,0,0,0.052
178,253.86,240.64,256.99,242.18,0,0,0,0.053
179,162.22,214.53,165.50,216.03,0,0,0,0.054
180,181.79,109.86,185.07,111.47,0,0,0,0.058
181,77.07,129.47,80.28,131.16,0,0,0,0.059
182,319.21,339.03,322.32,340.53,0,0,0,0.051
183,96.59,5.05,99.76,6.58,0,1,0,0.053
184,44.24,11.61,47.41,13.25,0,0,0,0.057
185,234.26,221.12,237.41,222.68,0,1,0,0.054
186,70.50,273.40,73.64,275.07,0,0,0,0.057
187,168.70,70.52,171.84,72.21,0,0,0,0.058
188,162.11,116.22,165.39,117.89,0,0,0,0.059
189,103.20,201.52,106.44,203.14,0,0,0,0.057
190,44.27,18.14,47.48,19.74,0,0,0,0.056
191,142.54,122.92,145.83,124.42,0,0,0,0.054
192,70.43,338.89,73.57,340.44,0,1,0,0.053
193,5.02,31.13,8.30,32.74,0,0,0,0.058
194,70.51,325.94,73.67,327.47,0,0,0,0.053
195,194.91,11.62,198.05,13.25,0,0,0,0.056
196,312.66,31.22,315.88,32.92,0,0,0,0.06
197,122.79,57.35,125.98,58.99,0,1,0,0.057
198,319.32,234.08,322.43,235.69,0,0,0,0.055
199,136.01,227.57,139.16,229.14,0,0,0,0.054
200,266.99,5.07,270.20,6.77,0,0,0,0.06
201,129.49,260.33,132.64,261.97,0,0,1,0.057
202,57.31,306.10,60.41,307.74,0,1,0,0.056
203,142.49,286.49,145.70,287.99,0,1,1,0.053
204,299.56,70.42,302.83,72.00,0,0,0,0.056
205,142.45,338.88,145.68,340.58,0,0,0,0.06
206,188.36,31.10,191.59,32.79,0,0,0,0.06
207,90.18,201.40,93.38,203.08,0,0,0,0.059
208,293.02,116.36,296.25,118.01,0,0,0,0.058
209,129.31,325.83,132.52,327.39,0,0,0,0.055
210,306.29,129.50,309.59,131.09,0,0,0,0.057
211,234.23,122.85,237.39,124.48,0,1,0,0.056
212,194.96,96.69,198.18,98.28,0,0,0,0.056
213,207.89,332.39,211.03,334.00,0,0,0,0.055
214,11.49,312.75,14.77,314.35,0,0,0,0.057
215,266.93,253.77,270.04,255.44,0,0,0,0.057
216,168.68,37.74,171.80,39.28,0,0,0,0.053
217,116.39,312.68,119.60,314.27,0,1,0,0.056
218,122.88,181.71,126.02,183.21,0,0,0,0.052
219,201.36,24.57,204.54,26.25,0,1,0,0.059
220,44.36,332.42,47.56,334.04,0,0,0,0.057
221,116.35,247.35,119.50,249.02,0,0,1,0.057
222,312.75,299.66,315.92,301.28,0,0,0,0.056
223,273.55,221.03,276.74,222.61,0,0,0,0.055
224,24.72,24.62,27.85,26.18,0,0,0,0.053
225,63.94,109.83,67.23,111.52,0,0,0,0.061
226,103.29,18.00,106.57,19.55,0,0,0,0.056
227,260.30,175.25,263.55,176.94,0,0,0,0.06
228,312.67,129.33,315.81,130.99,0,0,0,0.057
229,319.31,266.93,322.49,268.46,0,1,0,0.053
230,109.73,155.61,112.95,157.23,0,0,0,0.057
231,83.62,319.36,86.86,320.95,0,0,0,0.056
232,293.18,5.08,296.44,6.58,0,0,0,0.054
233,37.69,11.62,40.86,13.22,0,1,0,0.055
234,142.42,279.95,145.62,281.64,0,1,1,0.059
235,129.38,332.43,132.58,334.10,0,0,0,0.058
236,96.73,83.57,99.88,85.24,0,0,0,0.058
237,240.63,319.29,243.89,320.94,0,0,0,0.059
238,149.12,149.15,152.37,150.84,0,0,0,0.06
239,122.84,194.84,126.00,196.42,0,0,0,0.055
240,18.11,221.04,21.27,222.69,0,1,0,0.057
241,194.81,319.34,198.10,320.95,0,0,0,0.058
242,122.90,11.46,126.05,13.00,0,0,0,0.053
243,24.63,299.59,27.89,301.16,0,0,0,0.056
244,155.55,339.02,158.80,340.55,0,0,0,0.054
245,83.48,142.56,86.71,144.25,0,0,0,0.06
246,116.39,37.76,119.67,39.42,0,0,0,0.059
247,31.23,221.00,34.46,222.52,0,0,0,0.054
248,312.68,116.35,315.92,118.03,0,0,0,0.059
249,175.27,135.87,178.41,137.41,0,0,0,0.053
250,273.45,103.15,276.65,104.77,0,0,0,0.057
251,83.50,214.51,86.63,216.13,0,0,0,0.056
252,227.70,319.27,230.94,320.92,0,1,0,0.059
253,155.65,306.30,158.89,307.91,0,1,1,0.057
254,181.84,135.94,184.95,137.48,0,0,0,0.052
255,142.49,312.68,145.69,314.22,0,0,0,0.054
256,319.29,37.70,322.45,39.30,0,0,0,0.056
257,234.11,293.13,237.23,294.67,0,0,0,0.053
258,240.82,168.78,244.00,170.43,0,0,0,0.058
259,135.94,194.81,139.12,196.47,0,0,0,0.058
260,253.72,194.80,256.87,196.33,0,0,0,0.053
261,96.65,325.77,99.95,327.33,0,0,0,0.056
262,11.49,122.85,14.60,124.46,0,0,0,0.055
263,103.29,5.09,106.53,6.60,0,0,0,0.054
264,103.12,253.90,106.41,255.48,0,0,0,0.057
265,306.10,279.93,309.36,281.62,0,0,0,0.061
266,44.28,168.70,47.43,170.38,0,0,0,0.058
267,37.82,299.71,41.04,301.40,0,0,0,0.06
268,129.35,116.35,132.56,117.89,0,0,0,0.054
269,103.29,181.89,106.40,183.57,0,1,0,0.057
270,83.48,240.63,86.69,242.26,0,1,0,0.057
271,116.40,63.96,119.57,65.58,0,0,0,0.056
272,122.83,273.55,126.09,275.15,0,0,1,0.057
273,312.66,227.62,315.77,229.29,0,0,0,0.057
274,240.78,266.89,243.89,268.56,0,0,0,0.057
275,44.36,63.95,47.56,65.51,0,1,0,0.055
276,24.69,286.47,27.98,288.07,0,0,0,0.057
277,266.95,325.91,270.15,327.56,0,0,0,0.058
278,96.61,50.82,99.81,52.44,0,1,0,0.057
279,266.96,266.86,270.24,268.53,0,0,0,0.06
280,11.56,44.20,14.85,45.84,0,0,0,0.059
281,273.39,325.93,276.54,327.60,0,0,0,0.058
282,319.36,273.37,322.51,275.06,0,0,0,0.058
283,24.68,214.53,27.85,216.11,0,0,0,0.055
284,312.84,162.20,315.95,163.72,0,0,0,0.052
285,57.33,338.89,60.45,340.56,0,0,0,0.057
286,135.92,142.54,139.19,144.15,0,0,0,0.058
287,273.56,194.86,276.78,196.52,0,1,0,0.059
288,240.66,103.28,243.87,104.90,0,0,0,0.057
289,214.51,155.61,217.62,157.16,0,0,0,0.053
290,96.71,306.14,99.89,307.80,0,0,0,0.058
291,299.70,214.47,302.83,215.98,0,0,0,0.052
292,116.36,5.09,119.65,6.78,0,0,0,0.061
293,227.57,135.89,230.84,137.57,0,0,0,0.06
294,162.06,83.62,165.22,85.30,0,0,0,0.058
295,109.75,129.50,113.01,131.13,0,0,0,0.058
296,37.76,266.92,40.97,268.62,0,0,0,0.059
297,266.90,31.21,270.14,32.85,0,0,0,0.058
298,227.70,227.61,230.91,229.23,0,0,0,0.057
299,148.99,312.79,152.19,314.40,0,0,0,0.056
300,221.05,247.36,224.30,249.00,0,0,0,0.058
301,188.39,273.45,191.53,275.09,0,1,1,0.056
302,247.36,286.56,250.52,288.17,0,0,0,0.056
303,286.46,90.10,289.64,91.73,0,0,0,0.057
304,194.97,155.63,198.17,157.22,0,0,0,0.056
305,247.28,194.83,250.46,196.41,0,0,0,0.055
306,227.58,286.62,230.82,288.13,0,0,0,0.053
307,18.03,306.23,21.14,307.74,0,0,0,0.051
308,70.57,31.25,73.80,32.79,0,0,0,0.054
309,214.52,175.27,217.69,176.95,0,0,0,0.058
310,103.20,319.30,106.46,320.84,0,0,0,0.055
311,57.30,240.64,60.49,242.34,0,0,0,0.059
312,77.09,5.00,80.27,6.66,0,0,0,0.058
313,44.27,240.71,47.56,242.31,0,1,0,0.057
314,4.97,142.43,8.10,144.12,0,0,0,0.058
315,129.39,44.22,132.52,45.91,0,0,0,0.058
316,149.08,83.52,152.32,85.10,0,1,0,0.056
317,293.07,319.35,296.25,320.90,0,1,0,0.054
318,306.30,64.00,309.53,65.61,0,0,0,0.057
319,181.85,260.29,185.07,261.83,0,1,1,0.054
320,293.10,260.32,296.34,261.98,0,1,0,0.059
321,260.33,293.01,263.50,294.57,0,0,0,0.054
322,312.80,70.56,315.96,72.06,0,1,0,0.052
323,194.85,299.73,197.97,301.36,0,0,0,0.056
324,181.88,142.40,185.02,143.92,0,0,0,0.052
325,155.63,188.35,158.75,189.94,0,0,0,0.054
326,135.95,122.89,139.09,124.46,0,1,0,0.054
327,155.68,162.22,158.84,163.82,0,0,0,0.056
328,109.68,319.29,112.81,320.95,0,0,0,0.057
329,194.95,116.28,198.16,117.85,0,0,0,0.055
330,96.59,168.64,99.70,170.15,0,0,0,0.052
331,135.88,149.14,139.07,150.67,0,0,0,0.054
332,116.30,168.75,119.41,170.45,0,0,0,0.058
333,253.81,155.57,257.05,157.16,0,1,0,0.056
334,247.17,227.58,250.30,229.25,0,0,0,0.057
335,103.13,260.40,106.36,261.93,0,0,0,0.054
336,18.19,11.52,21.29,13.09,0,1,0,0.054
337,253.74,319.31,256.93,320.89,0,0,0,0.055
338,149.14,286.61,152.42,288.20,0,0,1,0.057
339,214.52,312.72,217.78,314.42,0,0,0,0.06
340,234.24,319.21,237.40,320.85,0,1,0,0.057
341,234.21,175.33,237.37,176.99,0,0,0,0.058
342,266.94,240.62,270.14,242.22,0,0,0,0.056
343,129.41,201.46,132.59,203.10,0,0,0,0.057
344,24.67,11.54,27.79,13.14,0,0,0,0.055
345,221.08,103.27,224.30,104.86,0,0,0,0.056
346,280.03,221.06,283.30,222.66,0,0,0,0.057
347,70.50,279.95,73.67,281.61,0,0,0,0.058
348,306.26,293.06,309.43,294.73,0,0,0,0.058
349,44.20,325.75,47.49,327.36,0,1,0,0.058
350,37.79,253.86,40.90,255.41,0,1,0,0.053
351,273.37,136.05,276.57,137.71,0,0,0,0.058
352,18.03,96.62,21.16,98.25,0,0,0,0.056
353,306.27,83.57,309.41,85.10,0,0,0,0.053
354,201.52,214.54,204.69,216.14,0,0,0,0.056
355,266.86,149.12,270.15,150.73,0,0,0,0.058
356,188.36,240.72,191.64,242.38,0,0,1,0.06
357,50.80,299.65,53.96,301.16,0,0,0,0.052
358,103.14,332.46,106.25,334.15,0,0,0,0.058
359,168.79,332.47,171.91,333.98,0,0,0,0.052
360,31.19,5.07,34.35,6.66,0,0,0,0.055
361,90.15,280.02,93.42,281.54,0,1,0,0.054
362,18.04,162.06,21.23,163.64,0,0,0,0.055
363,293.05,332.44,296.25,334.13,0,1,0,0.059
364,31.18,155.63,34.28,157.21,0,1,0,0.054
365,247.18,122.84,250.44,124.37,0,0,0,0.055
366,116.39,286.62,119.69,288.20,0,0,1,0.057
367,11.63,332.32,14.83,334.02,0,1,0,0.059
368,253.89,273.54,257.10,275.24,0,0,0,0.059
369,155.58,57.29,158.75,58.88,0,1,0,0.055
370,162.12,332.42,165.35,334.12,0,1,0,0.06
371,63.86,299.66,67.09,301.26,0,0,0,0.056
372,175.24,247.33,178.36,248.88,0,0,1,0.053
373,63.93,253.85,67.20,255.43,0,1,0,0.056
374,5.00,168.61,8.18,170.18,0,0,0,0.054
375,214.48,96.63,217.72,98.24,0,0,0,0.057
376,266.84,24.71,270.05,26.34,0,0,0,0.057
377,181.80,155.64,185.05,157.24,0,0,0,0.057
378,109.85,299.65,113.07,301.34,0,0,1,0.059
379,227.60,325.86,230.76,327.46,0,1,0,0.056
380,149.04,234.14,152.22,235.77,0,0,1,0.057
381,188.28,103.30,191.53,104.99,0,0,0,0.06
382,286.64,338.99,289.87,340.59,0,0,0,0.056
383,129.42,57.43,132.54,59.10,0,0,0,0.057
384,293.02,286.49,296.24,288.04,0,0,0,0.055
385,207.89,181.86,211.11,183.48,0,0,0,0.057
386,286.61,253.89,289.80,255.51,0,0,0,0.057
387,57.43,201.36,60.62,202.89,0,0,0,0.053
388,11.54,103.30,14.82,104.82,0,0,0,0.054
389,168.62,109.85,171.84,111.41,0,0,0,0.055
390,227.62,260.27,230.91,261.89,0,1,0,0.058
391,50.91,11.48,54.15,13.08,0,0,0,0.057
392,122.94,266.87,126.14,268.56,0,0,1,0.059
393,83.51,103.27,86.64,104.94,0,0,0,0.058
394,319.24,214.54,322.45,216.22,0,0,0,0.059
395,168.64,181.74,171.79,183.31,0,0,0,0.054
396,11.45,31.19,14.73,32.85,0,1,0,0.059
397,44.35,227.64,47.60,229.27,0,0,0,0.058
398,57.36,214.43,60.59,216.13,0,0,0,0.06
399,50.85,227.69,54.06,229.29,0,0,0,0.056
400,155.66,155.54,158.81,157.23,0,0,0,0.058
401,240.69,162.18,243.90,163.74,0,0,0,0.055
402,293.16,149.12,296.38,150.80,0,0,0,0.059
403,77.06,64.02,80.30,65.65,0,0,0,0.058
404,18.00,214.58,21.18,216.18,0,0,0,0.056
405,50.85,332.47,53.99,333.99,0,0,0,0.052
406,37.72,306.12,40.95,307.80,0,0,0,0.059
407,11.62,90.06,14.86,91.58,0,1,0,0.054
408,96.65,31.23,99.91,32.92,0,0,0,0.06
409,306.18,109.76,309.31,111.41,0,1,0,0.056
410,31.11,175.30,34.41,176.84,0,0,0,0.055
411,31.23,188.30,34.34,189.86,0,0,0,0.053
412,188.25,96.58,191.37,98.13,0,0,0,0.053
413,240.71,312.82,243.92,314.38,0,0,0,0.054
414,18.14,103.16,21.28,104.71,0,1,0,0.053
415,253.86,83.60,257.09,85.15,0,0,0,0.054
416,90.13,116.38,93.39,118.01,0,0,0,0.058
417,57.44,155.58,60.62,157.14,0,0,0,0.054
418,247.21,142.41,250.35,144.08,0,0,0,0.058
419,207.90,306.16,211.07,307.68,0,0,0,0.053
420,44.29,273.50,47.42,275.12,0,0,0,0.055
421,260.34,149.07,263.63,150.74,0,0,0,0.06
422,260.31,201.42,263.61,203.01,0,0,0,0.057
423,234.22,70.49,237.36,72.16,0,1,0,0.057
424,181.71,214.61,184.85,216.22,0,0,0,0.055
425,129.31,227.55,132.60,229.06,0,1,0,0.054
426,162.09,31.18,165.21,32.84,0,0,0,0.057
427,109.69,83.58,112.90,85.23,0,0,0,0.058
428,260.36,194.85,263.54,196.42,0,0,0,0.055
429,129.50,181.77,132.79,183.36,0,0,0,0.057
430,181.81,221.13,184.98,222.83,0,0,0,0.059
431,103.30,50.76,106.43,52.33,0,0,0,0.054
432,207.90,103.28,211.03,104.93,0,0,0,0.056
433,260.38,18.00,263.66,19.52,0,0,0,0.054
434,44.27,155.63,47.42,157.22,0,0,0,0.055
435,227.54,70.41,230.80,72.04,0,0,0,0.058
436,109.68,70.40,112.90,72.05,0,0,0,0.058
437,181.76,83.58,184.92,85.10,0,0,0,0.053
438,129.47,175.24,132.64,176.88,0,0,0,0.057
439,188.26,70.55,191.37,72.23,0,0,0,0.058
440,319.26,306.13,322.55,307.80,0,1,0,0.06
441,221.05,299.56,224.31,301.26,0,0,0,0.06
442,50.78,280.01,53.94,281.55,0,0,0,0.053
443,155.66,332.40,158.88,334.05,0,1,0,0.058
444,214.51,142.58,217.71,144.15,0,0,0,0.055
445,142.52,253.78,145.68,255.46,0,0,1,0.058
446,221.04,18.09,224.27,19.64,0,0,0,0.055
447,201.36,168.78,204.48,170.40,0,1,0,0.055
448,155.52,44.24,158.82,45.82,0,0,0,0.057
449,155.62,319.24,158.74,320.90,0,0,0,0.057
450,70.44,299.64,73.63,301.34,0,0,0,0.059
451,273.50,37.76,276.64,39.32,0,1,0,0.054
452,293.12,50.82,296.27,52.42,0,1,0,0.055
453,214.47,306.22,217.60,307.84,0,0,0,0.056
454,306.28,234.26,309.51,235.95,0,0,0,0.06
455,63.90,214.50,67.07,216.18,0,0,0,0.058
456,155.64,273.49,158.83,275.07,0,0,1,0.055
457,155.53,116.31,158.75,117.85,0,0,0,0.054
458,4.91,37.74,8.13,39.29,0,1,0,0.055
459,63.88,136.01,67.05,137.63,0,1,0,0.056
460,77.05,136.05,80.26,137.60,0,0,0,0.054
461,279.94,188.25,283.17,189.80,0,0,0,0.055
462,273.36,234.13,276.65,235.66,0,0,0,0.055
463,149.10,103.23,152.22,104.75,0,0,0,0.052
464,83.66,44.28,86.82,45.87,0,0,0,0.055
465,247.37,63.93,250.47,65.54,0,0,0,0.055
466,37.76,181.80,41.00,183.45,0,0,0,0.058
467,44.19,135.99,47.38,137.57,0,0,0,0.055
468,149.03,116.41,152.31,117.97,0,0,0,0.056
469,37.69,50.81,40.79,52.37,0,0,0,0.053
470,201.46,149.09,204.61,150.61,0,1,0,0.053
471,44.31,188.40,47.51,190.04,0,0,0,0.057
472,234.10,214.62,237.27,216.13,0,0,0,0.052
473,90.05,207.92,93.24,209.60,0,0,0,0.059
474,286.49,129.43,289.70,131.00,0,0,0,0.055
475,122.78,149.06,125.93,150.57,0,0,0,0.052
476,168.61,286.64,171.84,288.25,0,0,1,0.057
477,299.58,4.96,302.68,6.60,0,0,0,0.056
478,44.29,149.14,47.44,150.72,0,1,0,0.054
479,76.97,162.09,80.13,163.74,0,0,0,0.057
480,122.95,338.91,126.18,340.51,0,0,0,0.056
481,31.17,31.26,34.35,32.93,0,0,0,0.058
482,286.61,149.01,289.86,150.55,0,0,0,0.055
483,90.11,149.11,93.24,150.62,0,0,0,0.052
484,168.64,194.81,171.89,196.49,0,0,0,0.06
485,279.93,57.31,283.13,58.84,0,0,0,0.054
486,234.26,188.38,237.53,189.96,0,0,0,0.057
487,266.90,96.77,270.07,98.33,0,0,0,0.054
488,175.31,273.55,178.58,275.13,0,0,1,0.056
489,50.79,234.26,54.03,235.84,0,0,0,0.056
490,214.57,293.09,217.68,294.72,0,0,0,0.056
491,280.08,142.42,283.19,143.93,0,0,0,0.051
492,11.63,338.87,14.78,340.46,0,0,0,0.055
493,18.16,201.48,21.28,203.09,0,0,0,0.055
494,83.52,207.95,86.74,209.51,0,0,0,0.055
495,194.80,109.82,198.00,111.42,0,0,0,0.056
496,116.23,338.89,119.35,340.55,0,0,0,0.057
497,116.34,188.33,119.54,189.83,0,0,0,0.053
498,64.02,162.07,67.26,163.62,0,0,0,0.055
499,162.24,63.85,165.34,65.49,0,0,0,0.056
500,306.11,4.99,309.40,6.56,0,1,0,0.056
501,194.94,201.42,198.08,202.94,0,0,0,0.052
502,142.47,149.02,145.69,150.61,0,0,0,0.056
503,168.72,325.83,171.85,327.36,0,0,0,0.052
504,194.98,280.05,198.27,281.73,0,0,0,0.061
505,207.94,5.06,211.09,6.76,0,0,0,0.059
506,207.93,325.86,211.07,327.47,0,1,0,0.055
507,279.91,5.02,283.19,6.68,0,0,0,0.059
508,90.18,260.36,93.45,261.95,0,0,0,0.057
509,247.20,332.39,250.44,333.92,0,1,0,0.054
510,266.83,306.20,269.97,307.81,0,0,0,0.055
511,188.42,116.30,191.69,117.93,0,1,0,0.059
512,96.74,208.01,100.03,209.55,0,0,0,0.055
513,201.50,116.27,204.61,117.96,0,1,0,0.058
514,175.30,319.38,178.43,321.00,0,0,0,0.056
515,201.42,299.58,204.53,301.24,0,1,0,0.056
516,129.39,221.14,132.51,222.65,0,1,0,0.052
517,319.27,175.31,322.40,176.86,0,0,0,0.053
518,201.40,260.29,204.52,261.80,0,1,0,0.052
519,122.89,306.19,126.04,307.75,0,0,1,0.054
520,260.38,57.43,263.55,59.08,0,0,0,0.057
521,5.05,83.54,8.27,85.19,0,0,0,0.058
522,234.21,129.32,237.35,130.92,0,0,0,0.055
523,70.42,103.22,73.67,104.90,0,0,0,0.06
524,286.46,214.45,289.61,215.95,0,0,0,0.052
525,135.91,44.26,139.06,45.89,0,0,0,0.056
526,266.83,142.44,269.99,144.12,0,0,0,0.058
527,181.80,338.91,185.06,340.47,0,0,0,0.055
528,260.38,280.01,263.59,281.69,0,1,0,0.059
529,293.10,214.55,296.38,216.06,0,0,0,0.054
530,63.85,181.71,67.03,183.26,0,0,0,0.054
531,293.09,24.56,296.27,26.09,0,1,0,0.053
532,201.42,234.23,204.57,235.83,0,0,0,0.055
533,227.62,273.36,230.73,275.00,0,1,0,0.056
534,188.42,312.71,191.71,314.31,0,0,0,0.057
535,207.91,207.89,211.15,209.50,0,0,0,0.057
536,11.59,293.18,14.87,294.85,0,0,0,0.06
537,188.44,306.27,191.63,307.89,0,1,1,0.057
538,149.15,188.24,152.31,189.81,0,0,0,0.054
539,24.64,188.40,27.75,189.92,0,0,0,0.052
540,181.81,31.12,185.09,32.69,0,0,0,0.056
541,299.74,31.20,302.96,32.83,0,1,0,0.057
542,214.45,90.06,217.68,91.74,0,0,0,0.059
543,247.29,149.04,250.42,150.73,0,0,0,0.058
544,37.72,31.14,40.86,32.75,0,1,0,0.055
545,109.76,214.44,112.98,216.05,0,0,0,0.057
546,96.67,188.28,99.84,189.94,0,0,0,0.058
547,273.42,142.54,276.68,144.14,0,1,0,0.057
548,96.70,273.41,99.87,274.97,0,0,0,0.054
549,194.93,77.08,198.14,78.64,0,0,0,0.055
550,96.65,24.74,99.85,26.40,0,0,0,0.058
551,299.56,247.24,302.75,248.89,0,1,0,0.058
552,129.31,155.57,132.59,157.16,0,1,0,0.057
553,109.67,122.78,112.81,124.31,0,0,0,0.053
554,103.23,77.06,106.41,78.68,0,0,0,0.056
555,234.13,299.59,237.36,301.15,0,0,0,0.055
556,63.91,142.46,67.02,144.03,0,0,0,0.053
557,90.04,18.04,93.25,19.71,0,0,0,0.059
558,37.80,168.79,40.98,170.30,0,1,0,0.053
559,227.66,214.55,230.78,216.17,0,0,0,0.055
560,70.47,253.88,73.65,255.56,0,0,0,0.058
561,306.30,221.01,309.53,222.56,0,0,0,0.055
562,122.85,83.51,126.07,85.03,0,0,0,0.053
563,293.11,175.30,296.40,176.99,0,0,0,0.061
564,194.82,142.53,198.12,144.20,0,1,0,0.06
565,122.79,129.44,126.01,131.01,0,1,0,0.055
566,11.59,201.53,14.83,203.11,0,1,0,0.056
567,299.59,280.10,302.77,281.78,0,0,0,0.059
568,109.82,253.78,112.96,255.28,0,1,1,0.052
569,240.63,188.29,243.74,189.83,0,0,0,0.052
570,57.33,37.78,60.45,39.34,0,0,0,0.053
571,299.72,299.66,302.86,301.23,0,1,0,0.054
572,70.41,63.93,73.58,65.46,0,0,0,0.053
573,4.93,227.66,8.17,229.31,0,1,0,0.058
574,57.32,194.82,60.60,196.45,0,0,0,0.058
575,96.76,103.22,99.86,104.85,0,0,0,0.055
576,44.24,129.50,47.40,131.17,0,0,0,0.058
577,286.49,221.04,289.64,222.71,0,1,0,0.058
578,18.10,279.91,21.28,281.53,0,0,0,0.056
579,90.13,96.69,93.35,98.20,0,0,0,0.053
580,234.20,181.80,237.39,183.37,0,0,0,0.055
581,77.05,293.09,80.34,294.59,0,0,0,0.054
582,44.30,96.74,47.45,98.27,0,0,0,0.053
583,122.87,207.95,126.02,209.57,0,0,0,0.056
584,116.26,299.59,119.51,301.24,0,0,1,0.059
585,103.30,338.94,106.42,340.51,0,0,0,0.053
586,266.83,293.00,270.00,294.60,0,1,0,0.056
587,70.50,227.69,73.62,229.21,0,0,0,0.052
588,57.39,325.77,60.61,327.40,0,0,0,0.057
589,208.03,234.15,211.30,235.84,0,0,0,0.06
590,279.95,31.24,283.14,32.85,0,0,0,0.056
591,63.88,122.91,67.11,124.53,0,0,0,0.057
592,319.24,293.03,322.44,294.60,0,0,0,0.055
593,11.61,96.58,14.76,98.17,0,0,0,0.055
594,168.68,63.87,171.92,65.48,0,1,0,0.057
595,5.08,77.05,8.38,78.74,0,0,0,0.061
596,175.26,44.37,178.42,45.92,0,0,0,0.054
597,57.40,227.72,60.62,229.36,0,0,0,0.058
598,142.54,240.63,145.71,242.15,0,0,1,0.053
599,122.88,240.75,125.98,242.38,0,1,1,0.055
600,319.23,77.00,322.43,78.60,0,0,0,0.056
601,103.15,293.08,106.43,294.66,0,1,0,0.056
602,122.80,227.72,126.00,229.24,0,0,0,0.053
603,70.47,57.47,73.66,59.15,0,0,0,0.058
604,214.48,116.31,217.68,117.94,0,0,0,0.057
605,37.70,214.50,40.83,216.05,0,0,0,0.053
606,37.79,109.71,40.98,111.29,0,0,0,0.055
607,273.42,253.90,276.70,255.56,0,0,0,0.059
608,57.30,168.73,60.53,170.42,0,0,0,0.06
609,116.23,155.54,119.40,157.14,0,0,0,0.056
610,293.14,266.93,296.41,268.59,0,0,0,0.059
611,306.19,299.65,309.35,301.32,0,0,0,0.058
612,96.65,18.03,99.75,19.55,0,0,0,0.052
613,142.57,31.14,145.84,32.76,0,0,0,0.058
614,18.16,194.92,21.41,196.54,0,0,0,0.058
615,306.13,96.64,309.34,98.31,0,0,0,0.059
616,83.65,247.33,86.85,249.01,0,0,0,0.059
617,122.80,234.16,126.09,235.70,0,0,1,0.055
618,44.20,280.02,47.49,281.55,0,0,0,0.055
619,306.26,50.84,309.52,52.40,0,0,0,0.056
620,319.28,240.69,322.39,242.37,0,0,0,0.057
621,260.39,325.78,263.64,327.34,0,0,0,0.055
622,273.56,175.27,276.76,176.88,0,0,0,0.057
623,18.02,24.73,21.18,26.27,0,1,0,0.053
624,109.81,273.54,112.91,275.09,0,0,1,0.053
625,96.69,142.41,99.81,144.06,0,0,0,0.057
626,221.02,266.93,224.28,268.43,0,1,0,0.053
627,188.35,155.59,191.63,157.25,0,0,0,0.059
628,142.54,70.56,145.69,72.17,0,0,0,0.055
629,90.21,136.04,93.40,137.62,0,1,0,0.055
630,207.95,227.60,211.07,229.25,0,0,0,0.056
631,312.74,247.33,315.89,248.87,0,1,0,0.053
632,266.82,103.13,270.02,104.71,0,0,0,0.056
633,57.48,77.09,60.64,78.73,0,0,0,0.057
634,194.98,221.16,198.24,222.80,0,0,0,0.058
635,306.23,214.54,309.47,216.18,0,0,0,0.058
636,273.46,306.28,276.70,307.91,0,1,0,0.058
637,299.57,90.21,302.80,91.79,0,0,0,0.056
638,149.06,96.61,152.25,98.26,0,0,0,0.057
639,168.79,116.28,172.02,117.90,0,0,0,0.057
640,266.92,273.49,270.03,275.15,0,0,0,0.056
641,221.11,312.68,224.30,314.22,0,0,0,0.054
642,188.42,122.90,191.53,124.41,0,1,0,0.051
643,168.72,90.05,171.99,91.74,0,0,0,0.061
644,273.55,57.43,276.81,59.00,0,1,0,0.056
645,188.41,181.76,191.66,183.43,0,0,0,0.059
646,83.64,109.72,86.75,111.37,0,1,0,0.056
647,162.23,220.98,165.38,222.60,0,0,0,0.056
648,18.12,77.04,21.36,78.58,0,1,0,0.054
649,96.66,181.82,99.82,183.49,0,0,0,0.058
650,194.93,63.84,198.15,65.43,0,0,0,0.056
651,83.55,18.07,86.75,19.69,0,0,0,0.057
652,207.97,116.38,211.10,118.04,0,0,0,0.057
653,76.96,214.51,80.13,216.01,0,0,0,0.052
654,188.42,214.59,191.56,216.24,0,0,0,0.056
655,221.03,240.68,224.21,242.25,0,1,0,0.054
656,312.84,188.30,316.14,189.82,0,0,0,0.055
657,11.47,70.51,14.74,72.12,0,1,0,0.057
658,70.52,240.79,73.72,242.39,0,0,0,0.056
659,299.56,207.90,302.68,209.55,0,0,0,0.056
660,312.71,96.68,316.00,98.35,0,1,0,0.06
661,109.74,260.37,112.85,261.87,0,1,1,0.051
662,168.70,214.61,171.98,216.22,0,0,0,0.057
663,90.16,286.63,93.33,288.30,0,0,0,0.058
664,122.79,155.53,126.01,157.15,0,0,0,0.057
665,57.38,24.64,60.62,26.29,0,0,0,0.058
666,214.53,188.35,217.78,189.91,0,1,0,0.056
667,181.80,5.04,184.99,6.74,0,1,0,0.059
668,57.44,279.95,60.68,281.60,0,1,0,0.059
669,142.47,129.41,145.59,130.93,0,0,0,0.052
670,181.76,175.19,185.02,176.82,0,0,0,0.058
671,175.22,227.71,178.43,229.39,0,1,0,0.059
672,64.01,208.01,67.26,209.65,0,0,0,0.058
673,63.84,227.55,67.12,229.21,0,1,0,0.059
674,129.50,240.80,132.65,242.49,0,0,1,0.058
675,247.36,162.06,250.49,163.57,0,1,0,0.052
676,103.18,44.28,106.48,45.92,0,0,0,0.059
677,273.43,44.34,276.61,46.03,0,0,0,0.059
678,299.57,227.59,302.80,229.09,0,0,0,0.053
679,293.11,240.69,296.39,242.25,0,0,0,0.056
680,122.82,76.95,126.03,78.55,0,0,0,0.056
681,96.73,109.68,99.99,111.19,0,0,0,0.054
682,194.91,227.63,198.21,229.32,0,0,0,0.061
683,168.77,162.15,172.00,163.84,0,0,0,0.059
684,319.29,188.34,322.56,189.99,0,1,0,0.059
685,63.98,168.69,67.13,170.22,0,0,0,0.053
686,31.27,286.48,34.48,288.07,0,0,0,0.056
687,142.41,162.12,145.64,163.72,0,0,0,0.057
688,50.78,181.74,53.96,183.38,0,1,0,0.057
689,306.19,11.49,309.32,13.06,0,1,0,0.054
690,168.74,83.54,171.92,85.19,0,1,0,0.057
691,299.61,162.15,302.83,163.82,0,0,0,0.059
692,194.89,266.87,198.17,268.38,0,0,0,0.054
693,175.24,77.00,178.38,78.55,0,0,0,0.053
694,266.91,57.41,270.08,58.96,0,0,0,0.054
695,175.19,253.81,178.48,255.32,0,0,1,0.054
696,109.81,188.26,113.04,189.93,0,1,0,0.059
697,149.03,50.89,152.20,52.44,0,0,0,0.054
698,24.65,155.57,27.93,157.15,0,0,0,0.056
699,221.04,306.18,224.17,307.79,0,0,0,0.055
700,77.06,247.26,80.20,248.79,0,0,0,0.053
701,286.55,155.56,289.75,157.11,0,0,0,0.054
702,194.85,286.52,198.02,288.10,0,0,0,0.055
703,207.92,122.92,211.13,124.43,0,1,0,0.053
704,50.91,90.07,54.12,91.61,0,0,0,0.054
705,319.32,116.35,322.45,117.97,0,0,0,0.056
706,240.80,96.69,244.02,98.30,0,0,0,0.057
707,24.70,332.46,27.84,334.04,0,0,0,0.054
708,260.42,90.15,263.61,91.71,0,1,0,0.054
709,260.42,181.71,263.59,183.29,0,0,0,0.055
710,109.76,57.43,112.89,59.13,0,1,0,0.058
711,188.41,90.05,191.60,91.65,0,0,0,0.056
712,64.02,194.95,67.14,196.63,0,0,0,0.057
713,57.36,103.30,60.56,105.00,0,0,0,0.059
714,50.86,149.11,54.10,150.62,0,0,0,0.053
715,247.26,188.30,250.40,189.84,0,0,0,0.053
716,50.75,122.95,53.96,124.45,0,0,0,0.053
717,286.51,96.66,289.79,98.18,0,0,0,0.054
718,279.91,201.35,283.15,202.96,0,0,0,0.057
719,162.21,90.16,165.41,91.68,0,0,0,0.053
720,214.54,18.16,217.83,19.86,0,0,0,0.061
721,266.86,37.71,270.14,39.32,0,0,0,0.058
722,175.17,181.88,178.27,183.46,0,0,0,0.054
723,214.54,253.80,217.68,255.44,0,0,0,0.056
724,240.67,90.09,243.86,91.60,0,0,0,0.053
725,253.85,116.29,257.12,117.82,0,1,0,0.054
726,181.75,103.25,184.99,104.91,0,0,0,0.059
727,188.40,142.47,191.69,144.10,0,0,0,0.059
728,273.40,168.70,276.63,170.37,0,0,0,0.059
729,155.56,129.33,158.83,130.95,0,0,0,0.058
730,221.14,293.05,224.33,294.66,0,0,0,0.056
731,201.40,135.87,204.69,137.57,0,0,0,0.061
732,129.34,83.57,132.60,85.25,0,0,0,0.06
733,50.76,293.01,53.99,294.66,0,0,0,0.058
734,293.13,181.76,296.26,183.34,0,0,0,0.054
735,24.70,136.03,27.88,137.58,0,1,0,0.054
736,148.99,57.31,152.14,59.00,0,1,0,0.058
737,181.71,90.12,184.89,91.73,0,0,0,0.056
738,227.56,221.09,230.68,222.69,0,1,0,0.055
739,286.63,266.93,289.91,268.53,0,0,0,0.057
740,168.77,293.03,172.06,294.56,0,0,1,0.055
741,77.06,253.82,80.27,255.33,0,0,0,0.053
742,44.37,76.96,47.53,78.60,0,0,0,0.057
743,181.73,18.05,184.92,19.60,0,0,0,0.054
744,227.62,76.98,230.91,78.62,0,0,0,0.059
745,279.92,11.51,283.05,13.11,0,0,0,0.055
746,11.48,319.38,14.65,320.91,0,0,0,0.053
747,293.05,31.28,296.24,32.83,0,1,0,0.054
748,319.28,103.20,322.42,104.77,0,0,0,0.054
749,50.86,312.67,54.00,314.30,0,0,0,0.056
750,312.69,83.55,315.89,85.10,0,0,0,0.054
751,11.46,109.73,14.69,111.24,0,0,0,0.054
752,5.07,50.87,8.23,52.50,0,0,0,0.057
753,293.07,293.18,296.36,294.69,0,0,0,0.054
754,57.48,136.04,60.66,137.61,0,0,0,0.055
755,103.25,214.52,106.48,216.17,0,0,0,0.058
756,168.75,175.17,171.86,176.75,0,0,0,0.054
757,247.34,129.33,250.59,130.89,0,0,0,0.055
758,70.43,129.45,73.68,131.00,0,1,0,0.055
759,31.17,207.99,34.28,209.49,0,0,0,0.051
760,240.67,142.59,243.94,144.23,0,0,0,0.058
761,63.89,96.73,67.06,98.26,0,0,0,0.053
762,214.46,83.54,217.72,85.20,0,1,0,0.059
763,11.52,286.46,14.79,288.14,0,0,0,0.06
764,299.61,240.81,302.88,242.34,0,1,0,0.055
765,181.84,37.81,184.94,39.37,0,0,0,0.053
766,18.04,181.78,21.14,183.36,0,0,0,0.054
767,175.31,96.63,178.51,98.23,0,0,0,0.056
768,5.10,24.71,8.35,26.24,0,0,0,0.054
769,129.48,31.22,132.67,32.87,0,0,0,0.058
770,240.67,44.38,243.91,45.95,0,0,0,0.055
771,109.76,247.35,112.89,248.94,0,0,1,0.055
772,273.38,18.00,276.65,19.69,0,0,0,0.06
773,286.54,83.63,289.75,85.27,0,0,0,0.057
774,90.04,338.91,93.23,340.51,0,0,0,0.056
775,286.51,24.58,289.67,26.13,0,0,0,0.054
776,181.82,253.85,185.00,255.48,0,0,1,0.057
777,220.99,57.36,224.25,58.93,0,0,0,0.056
778,129.43,70.39,132.58,72.04,0,0,0,0.057
779,221.08,96.65,224.26,98.28,0,0,0,0.057
780,24.54,90.09,27.83,91.71,0,0,0,0.058
781,116.27,332.48,119.51,334.10,0,1,0,0.058
782,247.31,109.67,250.54,111.22,0,0,0,0.055
783,319.25,83.52,322.44,85.09,0,0,0,0.055
784,63.90,293.02,67.02,294.67,0,0,0,0.056
785,149.11,319.20,152.38,320.86,0,0,0,0.059
786,129.39,103.30,132.68,104.90,0,0,0,0.057
787,188.42,148.96,191.57,150.60,0,0,0,0.057
788,181.73,208.06,184.95,209.64,0,0,0,0.056
789,57.44,286.56,60.61,288.20,0,0,0,0.057
790,77.07,260.27,80.18,261.79,0,0,0,0.052
791,247.21,338.91,250.34,340.56,0,0,0,0.057
792,11.58,142.45,14.69,144.08,0,1,0,0.056
793,260.39,168.61,263.59,170.21,0,1,0,0.056
794,227.67,155.61,230.91,157.26,0,1,0,0.058
795,11.50,116.32,14.74,118.01,0,1,0,0.06
796,103.23,247.29,106.49,248.87,0,0,0,0.056
797,31.23,332.38,34.52,333.93,0,0,0,0.055
798,24.58,103.15,27.82,104.79,0,1,0,0.058
799,240.79,240.66,244.02,242.17,0,0,0,0.053
800,5.04,234.12,8.32,235.70,0,0,0,0.057
801,188.32,280.07,191.61,281.58,0,0,1,0.054
802,77.10,175.27,80.35,176.80,0,0,0,0.054
803,221.14,260.38,224.43,261.92,0,0,0,0.055
804,103.31,149.02,106.54,150.60,0,1,0,0.056
805,18.13,4.93,21.26,6.54,0,0,0,0.055
806,70.43,332.49,73.59,334.14,0,0,0,0.057
807,76.99,227.62,80.23,229.18,0,0,0,0.055
808,247.30,50.82,250.43,52.33,0,1,0,0.051
809,273.36,247.35,276.51,249.01,0,0,0,0.057
810,207.89,63.99,211.10,65.58,0,0,0,0.056
811,116.23,240.81,119.41,242.34,0,0,1,0.053
812,247.23,214.55,250.40,216.08,0,0,0,0.053
813,135.93,162.13,139.21,163.73,0,0,0,0.057
814,142.48,103.21,145.74,104.86,0,0,0,0.059
815,155.55,122.92,158.69,124.44,0,0,0,0.052
816,50.85,175.23,54.05,176.83,0,0,0,0.056
817,253.79,4.98,256.95,6.60,0,0,0,0.056
818,194.84,4.96,198.02,6.54,0,0,0,0.055
819,103.28,96.75,106.45,98.34,0,0,0,0.055
820,70.49,77.03,73.69,78.72,0,0,0,0.059
821,201.35,70.43,204.48,71.94,0,1,0,0.052
822,168.69,207.90,171.81,209.50,0,0,0,0.055
823,135.95,96.61,139.08,98.14,0,1,0,0.053
824,306.28,175.20,309.57,176.76,0,0,0,0.056
825,273.40,181.84,276.64,183.43,0,0,0,0.056
826,293.08,37.72,296.30,39.38,0,0,0,0.059
827,44.19,312.81,47.38,314.44,0,0,0,0.057
828,214.47,273.41,217.72,275.11,0,0,0,0.06
829,221.07,116.29,224.32,117.95,0,0,0,0.059
830,273.50,129.36,276.70,131.00,0,0,0,0.058
831,155.59,96.63,158.71,98.15,0,0,0,0.052
832,293.11,83.51,296.35,85.17,0,1,0,0.059
833,103.22,24.72,106.35,26.27,0,0,0,0.053
834,181.76,162.16,184.97,163.72,0,0,0,0.055
835,83.53,116.30,86.71,117.93,0,0,0,0.057
836,201.38,162.21,204.50,163.78,0,0,0,0.054
837,188.41,63.93,191.71,65.45,0,0,0,0.055
838,208.05,319.23,211.27,320.82,0,0,0,0.056
839,208.02,44.35,211.19,45.90,0,0,0,0.054
840,319.37,149.02,322.50,150.59,0,0,0,0.054
841,234.17,4.94,237.41,6.61,0,0,0,0.059
842,227.57,18.18,230.74,19.69,0,0,0,0.052
843,70.54,312.71,73.74,314.27,0,0,0,0.055
844,208.04,168.64,211.30,170.27,0,0,0,0.058
845,175.26,103.19,178.54,104.81,0,0,0,0.058
846,266.88,83.63,270.11,85.13,0,0,0,0.053
847,37.80,18.19,41.00,19.82,0,0,0,0.057
848,96.62,260.31,99.77,261.95,0,0,0,0.057
849,24.70,279.96,27.88,281.55,0,0,0,0.055
850,253.83,293.14,256.93,294.80,0,0,0,0.056
851,299.71,319.36,303.01,320.98,0,0,0,0.058
852,208.05,135.96,211.34,137.60,0,0,0,0.059
853,260.35,247.19,263.56,248.77,0,0,0,0.056
854,142.51,319.38,145.79,320.88,0,0,0,0.054
855,109.80,142.54,113.02,144.10,0,0,0,0.055
856,103.24,306.19,106.35,307.82,0,0,0,0.056
857,286.57,77.00,289.68,78.54,0,1,0,0.053
858,312.73,332.43,315.87,334.06,0,0,0,0.056
859,175.29,116.27,178.41,117.91,0,0,0,0.056
860,135.86,135.89,139.01,137.52,0,0,0,0.056
861,109.74,103.16,112.86,104.76,0,0,0,0.055
862,293.12,109.80,296.34,111.32,0,0,0,0.054
863,142.51,155.67,145.64,157.22,0,0,0,0.053
864,31.23,70.51,34.42,72.09,0,0,0,0.055
865,175.23,70.39,178.48,71.93,0,0,0,0.055
866,109.75,332.45,113.04,334.13,0,0,0,0.06
867,122.79,214.51,126.09,216.14,0,1,0,0.059
868,31.22,149.03,34.38,150.65,0,0,0,0.056
869,260.42,188.41,263.55,190.08,0,1,0,0.057
870,116.31,162.17,119.54,163.70,0,1,0,0.054
871,149.12,37.81,152.37,39.37,0,0,0,0.056
872,129.36,312.80,132.62,314.35,0,0,0,0.055
873,260.30,266.92,263.53,268.50,0,0,0,0.056
874,201.52,50.92,204.79,52.58,0,0,0,0.059
875,109.83,44.32,113.03,45.83,0,0,0,0.053
876,103.20,31.19,106.41,32.82,0,0,0,0.057
877,63.93,149.14,67.09,150.74,0,0,0,0.055
878,129.35,135.96,132.61,137.48,0,0,0,0.054
879,18.04,332.30,21.15,333.94,0,1,0,0.056
880,247.25,221.16,250.53,222.80,0,0,0,0.059
881,312.72,175.22,315.92,176.75,0,0,0,0.053
882,135.87,83.64,139.07,85.33,0,0,0,0.059
883,50.87,103.21,54.01,104.90,0,0,0,0.058
884,18.12,286.50,21.33,288.04,0,0,0,0.054
885,77.07,122.94,80.25,124.61,0,0,0,0.058
886,319.39,90.19,322.61,91.79,0,0,0,0.056
887,109.71,306.26,112.84,307.83,0,0,1,0.054
888,11.49,227.65,14.73,229.23,0,0,0,0.056
889,109.82,175.22,113.02,176.74,0,0,0,0.053
890,24.70,207.94,27.99,209.63,0,0,0,0.061
891,70.54,319.22,73.78,320.78,0,0,0,0.055
892,293.05,162.19,296.22,163.88,0,0,0,0.059
893,18.01,44.36,21.16,45.88,0,0,0,0.052
894,227.55,24.62,230.82,26.30,0,1,0,0.06
895,194.92,83.66,198.19,85.19,0,0,0,0.055
896,168.78,57.42,172.00,59.07,0,1,0,0.058
897,135.99,319.21,139.12,320.76,0,1,0,0.054
898,194.81,332.30,197.94,333.91,0,0,0,0.055
899,109.86,266.97,113.08,268.63,0,0,1,0.058
900,83.63,96.72,86.75,98.40,0,0,0,0.057
901,116.32,11.48,119.49,13.14,0,0,0,0.057
902,260.32,221.13,263.54,222.81,0,0,0,0.059
903,116.23,207.98,119.40,209.57,0,0,0,0.055
904,286.56,312.79,289.80,314.46,0,0,0,0.059
905,109.85,227.71,113.08,229.37,0,0,0,0.059
906,247.29,116.33,250.58,117.87,0,0,0,0.055
907,175.32,214.52,178.54,216.05,0,0,0,0.054
908,109.74,90.14,112.87,91.82,0,1,0,0.057
909,64.01,18.04,67.20,19.56,0,0,0,0.053
910,142.41,109.69,145.52,111.27,0,0,0,0.054
911,306.21,168.78,309.44,170.43,0,0,0,0.058
912,175.33,293.18,178.47,294.81,0,0,1,0.056
913,90.03,306.25,93.14,307.81,0,0,0,0.053
914,116.40,96.71,119.55,98.25,0,0,0,0.053
915,280.00,280.02,283.27,281.55,0,0,0,0.055
916,208.04,240.81,211.33,242.48,0,0,0,0.06
917,31.10,129.32,34.21,131.01,0,0,0,0.057
918,4.96,155.53,8.24,157.15,0,0,0,0.058
919,129.39,234.21,132.57,235.90,0,1,1,0.059
920,286.65,109.73,289.88,111.38,0,0,0,0.058
921,188.31,234.09,191.44,235.72,0,1,1,0.056
922,31.13,135.94,34.43,137.62,0,0,0,0.06
923,227.55,201.52,230.66,203.12,0,0,0,0.055
924,312.75,63.91,315.86,65.42,0,1,0,0.052
925,234.13,44.21,237.41,45.81,0,1,0,0.058
926,266.96,312.80,270.14,314.44,0,1,0,0.057
927,280.07,332.33,283.18,333.91,0,0,0,0.054
928,31.11,109.70,34.30,111.33,0,0,0,0.057
929,299.61,339.00,302.79,340.52,0,0,0,0.053
930,103.16,109.77,106.45,111.37,0,1,0,0.057
931,240.69,227.61,243.81,229.28,0,0,0,0.057
932,253.87,135.90,257.13,137.53,0,0,0,0.058
933,227.63,4.90,230.87,6.45,0,0,0,0.055
934,162.19,11.47,165.43,13.01,0,0,0,0.055
935,234.12,11.50,237.24,13.14,0,0,0,0.056
936,155.57,37.65,158.77,39.32,0,0,0,0.059
937,44.32,122.93,47.55,124.51,0,0,0,0.056
938,103.30,234.22,106.42,235.81,0,0,0,0.054
939,57.39,266.99,60.55,268.53,0,0,0,0.053
940,96.64,11.55,99.87,13.22,0,1,0,0.059
941,122.84,18.08,125.98,19.76,0,0,0,0.057
942,155.51,77.09,158.61,78.72,0,0,0,0.056
943,77.12,83.53,80.30,85.04,0,0,0,0.052
944,136.03,240.78,139.17,242.34,0,0,1,0.054
945,279.91,37.70,283.11,39.34,0,0,0,0.058
946,96.67,37.81,99.95,39.44,0,0,0,0.059
947,136.00,77.09,139.10,78.68,0,0,0,0.054
948,260.38,83.65,263.49,85.26,0,0,0,0.055
949,240.69,306.25,243.87,307.94,0,0,0,0.059
950,70.48,109.83,73.78,111.33,0,0,0,0.054
951,24.56,319.26,27.85,320.91,0,0,0,0.059
952,96.69,96.74,99.82,98.30,0,1,0,0.053
953,306.12,273.46,309.42,275.05,0,0,0,0.057
954,70.50,201.43,73.80,203.09,0,0,0,0.06
955,109.73,31.25,112.84,32.90,0,0,0,0.056
956,266.82,319.35,270.02,321.02,0,0,0,0.058
957,247.32,155.59,250.61,157.16,0,0,0,0.056
958,299.67,234.21,302.91,235.84,0,0,0,0.058
959,201.38,63.92,204.65,65.53,0,0,0,0.058
960,5.01,135.97,8.31,137.65,0,0,0,0.06
961,77.10,299.69,80.32,301.39,0,0,0,0.06
962,280.04,109.67,283.26,111.21,0,0,0,0.054
963,57.40,234.12,60.60,235.75,0,0,0,0.057
964,175.26,339.03,178.37,340.62,0,0,0,0.054
965,11.47,240.82,14.65,242.51,0,0,0,0.059
966,70.48,4.99,73.67,6.68,0,0,0,0.059
967,188.25,293.11,191.40,294.69,0,0,1,0.055
968,181.83,319.36,185.10,320.87,0,0,0,0.054
969,208.02,70.50,211.17,72.01,0,0,0,0.052
970,221.12,273.46,224.29,275.15,0,0,0,0.059
971,142.59,234.17,145.74,235.73,0,1,1,0.054
972,11.62,273.45,14.76,275.11,0,0,0,0.057
973,37.80,149.03,40.98,150.70,0,0,0,0.058
974,44.31,266.84,47.58,268.37,0,0,0,0.055
975,122.84,70.44,125.98,72.09,0,0,0,0.057
976,90.11,214.51,93.30,216.04,0,1,0,0.053
977,175.20,129.38,178.49,130.93,0,0,0,0.055
978,116.32,116.23,119.60,117.91,0,0,0,0.06
979,221.15,5.07,224.33,6.62,0,1,0,0.054
980,162.16,188.27,165.33,189.77,0,0,0,0.052
981,168.66,306.19,171.84,307.71,0,0,1,0.053
982,142.54,142.55,145.72,144.12,0,0,0,0.055
983,273.54,63.91,276.77,65.55,0,0,0,0.058
984,83.48,136.02,86.70,137.60,0,0,0,0.056
985,201.43,129.44,204.55,130.99,0,0,0,0.053
986,312.81,234.08,316.04,235.61,0,0,0,0.054
987,70.58,11.48,73.82,13.13,0,0,0,0.058
988,142.43,266.89,145.55,268.45,0,0,1,0.053
989,227.62,332.32,230.85,333.85,0,1,0,0.054
990,11.59,18.12,14.70,19.69,0,0,0,0.053
991,83.57,227.66,86.80,229.26,0,0,0,0.057
992,266.92,50.89,270.14,52.48,0,0,0,0.056
993,247.25,253.79,250.41,255.46,0,0,0,0.058
994,273.43,227.54,276.53,229.13,0,0,0,0.054
995,31.25,63.92,34.42,65.54,0,0,0,0.056
996,5.06,175.30,8.24,176.96,0,1,0,0.058
997,168.68,267.01,171.79,268.65,0,0,1,0.056
998,37.76,188.26,41.01,189.87,0,0,0,0.057
999,286.56,122.80,289.75,124.37,0,0,0,0.055
1000,31.29,168.75,34.57,170.25,0,0,0,0.054
1001,136.01,299.66,139.22,301.18,0,0,1,0.053
1002,103.24,155.65,106.38,157.30,0,0,0,0.057
1003,253.85,44.32,257.11,46.01,0,0,0,0.06
1004,175.34,83.57,178.57,85.11,0,0,0,0.055
1005,240.64,181.78,243.86,183.32,0,0,0,0.054
1006,109.68,136.00,112.79,137.58,0,0,0,0.054
1007,279.97,234.24,283.08,235.89,0,0,0,0.056
1008,142.42,207.97,145.53,209.61,0,0,0,0.056
1009,181.78,234.26,184.99,235.90,0,1,1,0.057
1010,175.26,31.29,178.54,32.81,0,0,0,0.055
1011,201.42,37.67,204.60,39.20,0,0,0,0.053
1012,50.89,37.68,54.00,39.22,0,0,0,0.052
1013,306.14,116.40,309.41,118.01,0,0,0,0.057
1014,44.27,103.25,47.55,104.78,0,0,0,0.055
1015,90.19,162.14,93.34,163.73,0,1,0,0.055
1016,188.25,57.33,191.40,58.86,0,0,0,0.053
1017,266.82,280.10,270.02,281.61,0,0,0,0.053
1018,306.28,312.67,309.50,314.34,0,0,0,0.059
1019,273.38,83.55,276.62,85.21,0,0,0,0.059
1020,260.46,31.12,263.74,32.65,0,0,0,0.055
1021,11.47,63.89,14.64,65.51,0,1,0,0.056
1022,214.53,11.51,217.81,13.07,0,0,0,0.056
1023,260.42,155.51,263.67,157.11,0,0,0,0.057
1024,148.98,279.98,152.23,281.50,0,1,1,0.054
1025,306.28,90.18,309.43,91.70,0,0,0,0.053
1026,194.89,44.27,198.12,45.81,0,0,0,0.055
1027,116.29,306.17,119.40,307.87,0,0,1,0.058
1028,76.97,76.99,80.19,78.51,0,0,0,0.053
1029,175.29,57.47,178.46,59.05,0,0,0,0.055
1030,207.95,24.68,211.12,26.21,0,0,0,0.053
1031,77.06,240.82,80.26,242.36,0,0,0,0.054
1032,247.23,24.58,250.46,26.10,0,1,0,0.054
1033,201.48,44.31,204.61,45.88,0,0,0,0.054
1034,37.67,24.69,40.87,26.27,0,1,0,0.055
1035,155.66,24.55,158.87,26.18,0,0,0,0.057
1036,50.85,24.63,54.11,26.22,0,1,0,0.057
1037,77.03,103.21,80.27,104.83,0,0,0,0.057
1038,116.22,325.90,119.44,327.47,0,0,0,0.056
1039,253.87,227.57,257.06,229.22,0,0,0,0.057
1040,31.11,227.69,34.38,229.22,0,1,0,0.055
1041,286.57,44.19,289.87,45.88,0,0,0,0.061
1042,37.68,175.31,40.88,176.97,0,0,0,0.058
1043,136.02,260.39,139.28,262.04,0,0,1,0.058
1044,221.12,109.67,224.35,111.32,0,0,0,0.058
1045,293.08,136.04,296.27,137.66,0,0,0,0.057
1046,221.11,135.93,224.39,137.58,0,0,0,0.059
1047,207.93,50.93,211.19,52.59,0,1,0,0.059
1048,155.70,50.82,158.81,52.43,0,0,0,0.055
1049,135.91,37.83,139.21,39.43,0,0,0,0.058
1050,260.27,253.90,263.45,255.52,0,0,0,0.056
1051,312.71,221.14,315.87,222.74,0,0,0,0.055
1052,306.25,18.16,309.44,19.68,0,0,0,0.053
1053,103.27,135.96,106.41,137.52,0,0,0,0.054
1054,181.70,129.45,184.99,131.12,0,0,0,0.06
1055,77.00,116.28,80.20,117.83,0,0,0,0.054
1056,312.77,155.62,316.00,157.30,0,0,0,0.059
1057,247.28,70.45,250.46,72.08,0,0,0,0.057
1058,129.39,90.21,132.68,91.78,0,1,0,0.056
1059,273.54,240.81,276.75,242.42,0,0,0,0.056
1060,175.34,266.95,178.60,268.49,0,0,1,0.055
1061,162.08,299.64,165.26,301.30,0,1,1,0.058
1062,221.00,168.68,224.25,170.32,0,0,0,0.058
1063,96.69,116.26,99.84,117.81,0,0,0,0.054
1064,57.36,188.26,60.58,189.93,0,0,0,0.059
1065,90.22,11.61,93.47,13.29,0,0,0,0.06
1066,4.96,273.46,8.14,275.00,0,0,0,0.054
1067,135.98,325.86,139.10,327.37,0,0,0,0.051
1068,136.02,18.14,139.23,19.78,0,1,0,0.058
1069,279.99,306.19,283.23,307.85,0,0,0,0.059
1070,299.70,122.94,302.80,124.52,0,1,0,0.054
1071,109.80,162.11,112.92,163.64,0,0,0,0.052
1072,103.19,162.08,106.32,163.71,0,0,0,0.056
1073,286.50,168.71,289.69,170.31,0,1,0,0.056
1074,162.12,260.33,165.30,261.98,0,0,1,0.057
1075,116.31,31.12,119.47,32.70,0,1,0,0.055
1076,37.70,77.07,40.94,78.63,0,0,0,0.055
1077,188.40,162.10,191.58,163.70,0,0,0,0.056
1078,319.36,57.41,322.60,58.98,0,0,0,0.055
1079,103.12,325.87,106.24,327.57,0,0,0,0.058
1080,155.55,90.11,158.67,91.65,0,1,0,0.053
1081,221.01,286.50,224.26,288.09,0,0,0,0.057
1082,175.24,122.88,178.43,124.48,0,0,0,0.056
1083,122.88,122.95,126.14,124.49,0,0,0,0.055
1084,194.88,37.83,198.08,39.51,0,0,0,0.059
1085,109.86,116.37,113.14,117.94,0,0,0,0.056
1086,83.66,181.78,86.94,183.32,0,1,0,0.055
1087,18.10,37.77,21.37,39.29,0,0,0,0.054
1088,214.58,260.35,217.75,261.88,0,0,0,0.053
1089,103.12,240.72,106.41,242.23,0,0,0,0.054
1090,168.73,135.95,171.88,137.58,0,0,0,0.056
1091,18.17,57.31,21.32,58.85,0,0,0,0.053
1092,83.51,253.87,86.79,255.49,0,0,0,0.058
1093,188.42,201.41,191.70,202.94,0,0,0,0.055
1094,116.26,18.17,119.37,19.76,0,0,0,0.054
1095,129.36,148.98,132.66,150.51,0,1,0,0.055
1096,162.10,155.61,165.40,157.20,0,0,0,0.057
1097,312.71,208.01,315.90,209.63,0,0,0,0.057
1098,273.56,162.25,276.69,163.88,0,0,0,0.056
1099,63.83,240.76,67.06,242.35,0,0,0,0.056
1100,129.44,319.23,132.62,320.79,0,1,0,0.054
1101,142.59,50.90,145.70,52.50,0,0,0,0.054
1102,299.62,148.97,302.73,150.57,0,0,0,0.054
1103,306.27,286.60,309.43,288.14,0,0,0,0.053
1104,201.52,96.73,204.68,98.32,0,0,0,0.055
1105,90.17,240.63,93.35,242.22,0,0,0,0.055
1106,188.35,247.29,191.52,248.84,0,0,1,0.054
1107,253.84,63.99,256.98,65.58,0,0,0,0.055
1108,188.26,18.17,191.44,19.74,0,0,0,0.055
1109,247.26,208.08,250.51,209.65,0,0,0,0.056
1110,207.89,194.92,211.03,196.45,0,0,0,0.052
1111,293.04,194.95,296.33,196.49,0,1,0,0.055
1112,221.00,31.14,224.26,32.76,0,0,0,0.058
1113,57.32,96.65,60.43,98.17,0,0,0,0.052
1114,175.32,306.29,178.61,307.88,0,0,1,0.057
1115,31.16,194.91,34.31,196.46,0,0,0,0.054
1116,149.11,11.62,152.36,13.22,0,1,0,0.057
1117,253.76,175.31,256.91,176.91,0,0,0,0.055
1118,306.18,332.41,309.36,334.05,0,0,0,0.057
1119,5.01,122.78,8.21,124.34,0,0,0,0.055
1120,136.00,234.18,139.14,235.82,0,0,1,0.056
1121,31.19,11.62,34.34,13.16,0,0,0,0.053
1122,286.51,135.91,289.78,137.51,0,0,0,0.057
1123,109.75,63.90,112.88,65.47,0,0,0,0.054
1124,194.98,57.45,198.22,59.11,0,0,0,0.059
1125,142.46,260.39,145.60,261.97,0,0,1,0.054
1126,181.75,24.70,184.97,26.32,0,0,0,0.057
1127,273.38,201.42,276.56,203.07,0,0,0,0.057
1128,260.34,227.58,263.63,229.24,0,0,0,0.06
1129,286.54,31.17,289.78,32.81,0,0,0,0.058
1130,273.40,4.93,276.63,6.47,0,1,0,0.054
1131,50.90,214.51,54.04,216.07,0,0,0,0.054
1132,103.24,279.96,106.48,281.62,0,0,0,0.059
1133,83.49,70.45,86.73,72.04,0,0,0,0.057
1134,293.03,306.27,296.19,307.84,0,0,0,0.054
1135,11.45,208.01,14.71,209.69,0,0,0,0.06
1136,221.06,325.78,224.34,327.33,0,0,0,0.056
1137,175.23,201.40,178.36,203.09,0,1,0,0.058
1138,312.81,214.52,315.95,216.09,0,1,0,0.054
1139,96.70,338.98,99.89,340.55,0,0,0,0.055
1140,50.81,50.79,53.97,52.46,0,0,0,0.058
1141,240.66,201.38,243.87,203.07,0,1,0,0.059
1142,240.76,5.03,243.96,6.65,0,1,0,0.057
1143,253.73,103.23,256.89,104.81,0,0,0,0.055
1144,286.46,142.43,289.65,144.05,0,0,0,0.057
1145,11.59,11.57,14.71,13.13,0,1,0,0.053
1146,18.18,142.53,21.41,144.08,0,0,0,0.055
1147,306.13,227.69,309.32,229.31,0,1,0,0.057
1148,162.17,5.07,165.36,6.64,0,0,0,0.055
1149,64.00,70.51,67.16,72.05,0,0,0,0.053
1150,221.11,155.65,224.23,157.16,0,0,0,0.052
1151,109.85,168.72,113.04,170.26,0,0,0,0.054
1152,279.94,168.61,283.22,170.21,0,0,0,0.057
1153,181.74,50.86,184.97,52.52,0,0,0,0.058
1154,306.22,162.06,309.50,163.73,0,0,0,0.06
1155,18.08,18.07,21.28,19.72,0,0,0,0.058
1156,149.15,201.44,152.31,203.00,0,0,0,0.054
1157,181.73,247.34,185.01,248.89,0,0,1,0.055
1158,44.25,194.86,47.38,196.55,0,0,0,0.058
1159,312.80,293.08,315.91,294.58,0,0,0,0.051
1160,240.77,286.52,243.96,288.16,0,1,0,0.058
1161,260.42,129.46,263.58,131.15,0,0,0,0.059
1162,122.94,188.38,126.18,189.99,0,0,0,0.057
1163,273.48,109.84,276.74,111.43,0,0,0,0.057
1164,70.44,50.88,73.67,52.57,0,1,0,0.06
1165,37.68,332.29,40.97,333.94,0,0,0,0.059
1166,103.21,312.77,106.33,314.44,0,0,0,0.057
1167,103.28,70.48,106.56,72.15,0,1,0,0.06
1168,96.59,221.07,99.82,222.57,0,0,0,0.053
1169,260.29,5.04,263.49,6.56,0,0,0,0.053
1170,11.63,247.32,14.88,248.95,0,0,0,0.058
1171,299.61,221.15,302.83,222.70,0,0,0,0.054
1172,188.27,4.97,191.51,6.58,0,0,0,0.057
1173,286.53,207.90,289.80,209.55,0,0,0,0.059
1174,188.25,109.73,191.38,111.28,0,0,0,0.053
1175,299.68,44.39,302.80,45.92,0,0,0,0.052
1176,83.48,332.43,86.67,334.12,0,0,0,0.059
1177,168.74,122.87,171.85,124.55,0,0,0,0.057
1178,155.65,299.73,158.88,301.41,0,0,1,0.059
1179,96.66,312.70,99.82,314.35,0,0,0,0.057
1180,253.89,253.88,257.13,255.52,0,1,0,0.058
1181,279.98,214.51,283.25,216.18,0,0,0,0.059
1182,175.16,188.32,178.42,189.93,0,0,0,0.057
1183,273.38,273.41,276.57,274.99,0,0,0,0.055
1184,299.67,116.34,302.90,117.94,0,0,0,0.056
1185,129.35,142.50,132.49,144.06,0,1,0,0.054
1186,18.02,116.39,21.18,117.96,0,0,0,0.054
1187,240.78,63.95,244.01,65.57,0,0,0,0.057
1188,96.63,214.45,99.82,216.01,0,0,0,0.054
1189,253.81,18.19,257.10,19.83,0,0,0,0.059
1190,260.42,142.50,263.59,144.17,0,0,0,0.058
1191,188.38,11.56,191.48,13.19,0,1,0,0.056
1192,286.46,332.44,289.64,334.09,0,0,0,0.058
1193,319.29,319.34,322.40,320.98,0,0,0,0.056
1194,234.24,273.38,237.41,274.95,0,0,0,0.055
1195,50.80,286.48,53.95,288.11,0,0,0,0.056
1196,83.66,306.24,86.81,307.74,0,0,0,0.052
1197,234.11,63.92,237.36,65.43,0,0,0,0.054
1198,135.96,280.10,139.07,281.61,0,0,1,0.052
1199,83.61,4.99,86.80,6.62,0,0,0,0.057
1200,63.92,266.92,67.17,268.53,0,1,0,0.057
1201,253.78,221.05,257.08,222.65,0,1,0,0.057
1202,273.40,155.67,276.68,157.31,0,0,0,0.059
1203,168.79,273.41,171.91,275.04,0,0,1,0.056
1204,227.56,142.57,230.86,144.19,0,0,0,0.058
1205,122.87,221.05,126.11,222.59,0,1,0,0.055
1206,129.36,24.59,132.51,26.13,0,0,0,0.053
1207,299.70,273.55,302.95,275.23,0,0,0,0.06
1208,37.66,63.89,40.78,65.57,0,0,0,0.057
1209,44.26,293.10,47.45,294.66,0,0,0,0.055
1210,4.95,221.07,8.05,222.69,0,0,0,0.055
1211,214.50,201.45,217.75,203.04,0,0,0,0.056
1212,90.15,194.79,93.39,196.47,0,0,0,0.059
1213,103.25,273.44,106.40,274.96,0,0,0,0.052
1214,266.96,122.76,270.23,124.43,0,0,0,0.06
1215,240.66,11.55,243.87,13.24,0,1,0,0.059
1216,57.37,273.55,60.53,275.23,0,0,0,0.058
1217,234.25,83.47,237.50,85.07,0,0,0,0.057
1218,70.43,286.47,73.70,288.05,0,0,0,0.057
1219,299.72,168.64,302.90,170.17,0,0,0,0.053
1220,155.54,135.89,158.83,137.46,0,0,0,0.056
1221,234.25,31.22,237.49,32.84,0,1,0,0.057
1222,280.03,24.55,283.32,26.18,0,1,0,0.059
1223,312.75,44.26,316.05,45.83,0,0,0,0.056
1224,168.73,240.79,172.02,242.48,0,0,1,0.061
1225,44.35,214.44,47.55,216.12,0,0,0,0.059
1226,319.21,260.27,322.45,261.93,0,0,0,0.059
1227,129.43,4.98,132.60,6.59,0,0,0,0.056
1228,64.02,50.84,67.21,52.36,0,0,0,0.053
1229,122.87,90.07,126.10,91.64,0,1,0,0.056
1230,168.62,234.25,171.78,235.77,0,0,1,0.053
1231,247.25,4.99,250.51,6.55,0,0,0,0.056
1232,162.15,70.46,165.33,72.15,0,0,0,0.059
1233,142.45,201.53,145.72,203.16,0,0,0,0.058
1234,207.89,83.58,211.07,85.11,0,0,0,0.053
1235,90.08,293.11,93.36,294.73,0,0,0,0.058
1236,175.33,234.12,178.62,235.78,0,0,1,0.06
1237,221.16,90.16,224.32,91.83,0,0,0,0.058
1238,135.90,155.68,139.03,157.27,0,0,0,0.054
1239,31.18,44.36,34.46,45.95,0,0,0,0.057
1240,201.39,57.45,204.58,59.02,0,0,0,0.055
1241,77.09,266.83,80.27,268.48,0,0,0,0.058
1242,214.45,5.08,217.61,6.76,0,1,0,0.058
1243,207.91,214.63,211.04,216.14,0,0,0,0.052
1244,175.23,312.82,178.47,314.40,0,0,0,0.056
1245,5.06,266.99,8.33,268.49,0,1,0,0.054
1246,50.76,57.46,54.02,59.16,0,0,0,0.061
1247,194.90,325.88,198.20,327.42,0,0,0,0.056
1248,201.34,175.17,204.52,176.74,0,0,0,0.054
1249,129.39,208.06,132.66,209.69,0,0,0,0.058
1250,37.75,338.92,40.89,340.48,0,0,0,0.054
1251,234.15,207.98,237.43,209.51,0,1,0,0.055
1252,227.65,31.18,230.87,32.82,0,0,0,0.058
1253,168.74,299.66,171.89,301.22,0,0,1,0.054
1254,181.71,188.39,184.86,190.09,0,0,0,0.059
1255,312.69,149.12,315.96,150.69,0,0,0,0.056
1256,168.61,155.58,171.90,157.17,0,0,0,0.057
1257,319.30,247.20,322.44,248.80,0,0,0,0.055
1258,306.26,37.68,309.54,39.28,0,0,0,0.057
1259,188.34,24.68,191.61,26.37,0,0,0,0.06
1260,188.33,188.25,191.46,189.95,0,0,0,0.058
1261,63.87,286.51,67.10,288.16,0,0,0,0.058
1262,227.70,37.76,230.85,39.45,0,0,0,0.059
1263,201.45,293.11,204.67,294.77,0,1,0,0.059
1264,149.07,136.01,152.34,137.56,0,0,0,0.055
1265,247.25,31.18,250.36,32.82,0,0,0,0.056
1266,247.34,44.25,250.61,45.77,0,0,0,0.055
1267,116.37,234.20,119.61,235.76,0,0,1,0.055
1268,77.07,18.14,80.25,19.83,0,0,0,0.059
1269,260.45,286.47,263.70,288.11,0,0,0,0.058
1270,168.78,253.88,172.00,255.54,0,0,1,0.059
1271,201.47,240.69,204.76,242.19,0,0,0,0.054
1272,194.80,240.70,197.95,242.28,0,0,0,0.055
1273,155.60,227.67,158.76,229.22,0,0,0,0.054
1274,57.47,162.14,60.57,163.74,0,0,0,0.055
1275,5.03,332.46,8.32,334.00,0,0,0,0.056
1276,253.87,207.91,256.98,209.50,0,0,0,0.054
1277,136.02,266.96,139.28,268.54,0,1,1,0.056
1278,227.66,338.94,230.82,340.47,0,0,0,0.053
1279,96.63,135.91,99.82,137.46,0,0,0,0.054
1280,214.50,44.37,217.75,45.98,0,0,0,0.057
1281,116.28,50.92,119.53,52.62,0,0,0,0.06
1282,266.99,109.71,270.27,111.30,0,1,0,0.057
1283,260.30,50.80,263.58,52.44,0,0,0,0.059
1284,109.71,240.75,112.93,242.31,0,1,1,0.055
1285,162.15,312.75,165.30,314.37,0,0,0,0.056
1286,24.58,234.21,27.69,235.73,0,0,0,0.052
1287,122.92,280.00,126.03,281.65,0,0,1,0.056
1288,240.69,24.59,243.79,26.11,0,0,0,0.052
1289,279.95,136.01,283.24,137.60,0,1,0,0.057
1290,286.65,175.21,289.82,176.76,0,0,0,0.054
1291,155.64,293.03,158.91,294.65,0,0,1,0.058
1292,50.79,260.46,53.90,262.16,0,1,0,0.058
1293,312.69,122.79,315.89,124.44,0,0,0,0.058
1294,227.63,207.92,230.90,209.45,0,1,0,0.055
1295,50.81,31.09,53.98,32.70,0,0,0,0.056
1296,50.76,44.20,54.01,45.74,0,0,0,0.055
1297,103.22,37.76,106.45,39.26,0,0,0,0.053
1298,96.64,279.92,99.82,281.47,0,0,0,0.054
1299,18.16,148.97,21.34,150.59,0,1,0,0.056
1300,83.63,325.87,86.74,327.38,0,0,0,0.052
1301,24.74,129.44,27.96,131.07,0,0,0,0.058
1302,148.97,332.30,152.25,333.86,0,0,0,0.056
1303,260.38,103.26,263.57,104.90,0,0,0,0.057
1304,247.24,293.10,250.50,294.77,0,0,0,0.059
1305,37.73,220.99,41.00,222.53,0,1,0,0.055
1306,109.75,4.96,113.04,6.50,0,0,0,0.055
1307,227.70,129.34,231.00,130.87,0,0,0,0.055
1308,221.16,11.60,224.28,13.25,0,0,0,0.056
1309,116.34,103.25,119.47,104.79,0,0,0,0.053
1310,280.03,286.59,283.22,288.12,0,0,0,0.053
1311,273.51,116.23,276.66,117.84,0,0,0,0.056
1312,136.01,188.35,139.13,189.98,0,0,0,0.056
1313,64.02,31.25,67.19,32.86,0,0,0,0.056
1314,299.73,306.22,303.00,307.76,0,0,0,0.055
1315,70.53,221.02,73.78,222.59,0,0,0,0.056
1316,260.39,24.55,263.68,26.18,0,1,0,0.059
1317,234.20,325.90,237.45,327.52,0,0,0,0.057
1318,221.12,70.39,224.35,72.06,0,0,0,0.059
1319,214.55,194.81,217.65,196.41,0,0,0,0.054
1320,253.90,142.53,257.17,144.20,0,1,0,0.06
1321,63.96,37.80,67.11,39.43,0,0,0,0.056
1322,31.27,293.15,34.50,294.72,0,1,0,0.055
1323,266.92,247.19,270.03,248.76,0,0,0,0.053
1324,37.82,280.03,41.09,281.59,0,0,0,0.056
1325,149.01,299.73,152.27,301.42,0,1,1,0.06
1326,90.10,253.76,93.35,255.45,0,0,0,0.06
1327,50.78,162.12,53.89,163.81,0,0,0,0.058
1328,11.50,299.63,14.62,301.24,0,0,0,0.055
1329,247.35,90.11,250.56,91.69,0,0,0,0.056
1330,234.09,77.09,237.35,78.76,0,1,0,0.06
1331,181.75,57.47,184.99,59.16,0,1,0,0.06
1332,312.66,286.54,315.93,288.21,0,0,0,0.059
1333,90.10,5.06,93.31,6.68,0,0,0,0.057
1334,96.76,299.70,99.99,301.21,0,0,0,0.053
1335,63.87,129.40,67.17,131.05,0,0,0,0.06
1336,207.96,129.38,211.10,131.02,0,0,0,0.056
1337,162.15,37.76,165.42,39.38,0,0,0,0.058
1338,299.70,18.02,302.84,19.53,0,0,0,0.052
1339,227.65,188.28,230.82,189.83,0,0,0,0.054
1340,260.36,70.46,263.49,72.06,0,0,0,0.055
1341,234.15,240.81,237.30,242.46,0,0,0,0.057
1342,267.00,208.06,270.16,209.61,0,0,0,0.053
1343,234.24,136.01,237.47,137.54,0,0,0,0.054
1344,44.35,57.34,47.54,58.91,0,0,0,0.054
1345,273.49,70.45,276.68,71.99,0,0,0,0.054
1346,122.77,247.21,125.90,248.83,0,0,1,0.056
1347,247.24,135.94,250.50,137.54,0,1,0,0.057
1348,253.90,31.10,257.06,32.78,0,0,0,0.058
1349,44.35,319.39,47.64,321.02,0,0,0,0.059
1350,103.26,207.96,106.52,209.47,0,0,0,0.054
1351,96.63,293.06,99.79,294.74,0,0,0,0.058
1352,142.58,63.87,145.82,65.45,0,1,0,0.056
1353,149.13,168.72,152.25,170.30,0,1,0,0.054
1354,18.07,273.51,21.37,275.09,0,0,0,0.057
1355,299.68,188.24,302.82,189.84,0,1,0,0.055
1356,227.66,299.67,230.80,301.36,0,0,0,0.058
1357,201.53,325.75,204.77,327.30,0,1,0,0.055
1358,234.25,18.06,237.37,19.65,0,0,0,0.054
1359,31.14,103.31,34.25,104.85,0,0,0,0.053
1360,96.67,57.47,99.88,59.04,0,0,0,0.055
1361,260.28,306.21,263.53,307.89,0,1,0,0.059
1362,96.71,64.02,99.84,65.54,0,0,0,0.052
1363,57.33,207.97,60.57,209.51,0,0,0,0.055
1364,77.12,31.25,80.25,32.84,0,0,0,0.054
1365,234.21,116.24,237.49,117.87,0,1,0,0.058
1366,50.88,116.30,54.12,117.86,0,0,0,0.055
1367,168.63,142.58,171.81,144.12,0,0,0,0.054
1368,155.60,312.78,158.81,314.33,0,0,0,0.054
1369,247.22,201.40,250.42,202.97,0,0,0,0.055
1370,253.82,168.66,256.97,170.34,0,0,0,0.058
1371,155.66,194.94,158.77,196.62,0,0,0,0.057
1372,280.02,325.79,283.28,327.33,0,0,0,0.055
1373,50.89,83.64,54.01,85.23,0,0,0,0.054
1374,240.63,18.03,243.81,19.63,0,0,0,0.056
1375,142.46,77.11,145.72,78.63,0,0,0,0.054
1376,319.23,142.48,322.39,144.09,0,0,0,0.056
1377,181.79,11.56,185.09,13.21,0,0,0,0.059
1378,306.11,70.55,309.30,72.11,0,1,0,0.054
1379,201.43,90.05,204.55,91.70,0,0,0,0.057
1380,299.69,76.99,302.87,78.67,0,0,0,0.058
1381,149.06,338.96,152.31,340.64,0,0,0,0.06
1382,181.71,168.64,184.92,170.21,0,0,0,0.055
1383,90.12,220.98,93.31,222.64,0,0,0,0.058
1384,162.08,103.22,165.24,104.73,0,0,0,0.052
1385,253.84,325.78,257.03,327.42,0,0,0,0.057
1386,77.09,319.26,80.31,320.92,0,1,0,0.058
1387,194.85,181.76,198.08,183.35,0,0,0,0.056
1388,214.51,181.88,217.72,183.40,0,0,0,0.053
1389,293.01,122.91,296.22,124.56,0,0,0,0.058
1390,319.37,24.56,322.65,26.10,0,0,0,0.055
1391,279.99,90.15,283.26,91.83,0,0,0,0.06
1392,5.03,109.80,8.29,111.35,0,0,0,0.055
1393,24.74,253.76,27.90,255.29,0,0,0,0.053
1394,214.48,247.18,217.76,248.76,0,0,0,0.056
1395,122.84,162.23,126.06,163.75,0,0,0,0.053
1396,247.33,11.54,250.51,13.08,0,0,0,0.054
1397,129.47,50.84,132.62,52.36,0,0,0,0.053
1398,273.51,90.15,276.67,91.69,0,1,0,0.053
1399,149.00,221.04,152.18,222.64,0,1,0,0.056
1400,194.84,50.86,198.13,52.39,0,0,0,0.055
1401,77.10,50.82,80.39,52.46,0,1,0,0.059
1402,18.15,83.55,21.33,85.13,0,1,0,0.055
1403,24.55,325.91,27.71,327.58,0,0,0,0.058
1404,5.02,312.83,8.20,314.45,0,0,0,0.056
1405,214.59,338.98,217.70,340.61,0,1,0,0.055
1406,188.24,175.14,191.44,176.70,0,0,0,0.055
1407,50.76,194.83,53.92,196.42,0,0,0,0.055
1408,299.68,109.76,302.87,111.30,0,0,0,0.054
1409,234.19,149.03,237.43,150.62,0,0,0,0.056
1410,207.91,253.89,211.10,255.44,0,0,0,0.054
1411,18.01,122.76,21.25,124.45,0,1,0,0.06
1412,116.36,201.49,119.62,203.17,0,1,0,0.06
1413,109.86,286.47,113.01,288.06,0,1,1,0.055
1414,162.11,207.90,165.35,209.42,0,0,0,0.054
1415,44.35,31.14,47.64,32.76,0,0,0,0.058
1416,37.71,44.20,40.90,45.82,0,0,0,0.057
1417,299.75,266.86,302.96,268.38,0,0,0,0.053
1418,162.22,135.87,165.44,137.40,0,1,0,0.054
1419,181.74,293.07,184.87,294.66,0,1,1,0.055
1420,208.05,37.71,211.19,39.21,0,0,0,0.052
1421,234.25,247.37,237.36,248.99,0,0,0,0.055
1422,57.47,247.18,60.58,248.80,0,0,0,0.055
1423,122.77,116.37,125.95,117.91,0,0,0,0.054
1424,253.74,50.83,257.03,52.49,0,0,0,0.06
1425,260.45,312.78,263.65,314.32,0,0,0,0.054
1426,5.05,162.18,8.23,163.76,0,1,0,0.055
1427,83.55,267.00,86.77,268.60,0,1,0,0.057
1428,299.61,57.36,302.87,58.88,0,0,0,0.054
1429,18.16,63.84,21.29,65.45,0,0,0,0.055
1430,227.71,96.71,230.86,98.32,0,0,0,0.055
1431,37.65,142.56,40.79,144.19,0,0,0,0.056
1432,155.64,286.52,158.92,288.09,0,0,1,0.056
1433,76.97,57.30,80.11,58.99,0,0,0,0.058
1434,37.64,83.51,40.80,85.09,0,0,0,0.055
1435,286.55,234.08,289.85,235.65,0,0,0,0.056
1436,103.17,175.23,106.39,176.74,0,0,0,0.053
1437,253.79,162.23,257.05,163.83,0,0,0,0.057
1438,142.42,24.57,145.56,26.11,0,0,0,0.053
1439,57.34,31.18,60.51,32.78,0,1,0,0.056
1440,149.02,129.35,152.17,130.97,0,0,0,0.056
1441,221.12,319.30,224.31,321.00,0,0,0,0.059
1442,63.85,155.66,66.99,157.28,0,0,0,0.056
1443,201.34,338.87,204.47,340.41,0,0,0,0.053
1444,4.93,116.36,8.04,118.03,0,1,0,0.057
1445,50.81,142.43,54.02,144.01,0,0,0,0.056
1446,5.06,103.15,8.18,104.78,0,0,0,0.056
1447,306.25,201.37,309.53,203.04,0,0,0,0.06
1448,280.10,299.71,283.38,301.24,0,0,0,0.055
1449,76.98,90.09,80.18,91.67,0,0,0,0.055
1450,286.49,319.29,289.66,320.80,0,1,0,0.052
1451,149.01,162.23,152.16,163.85,0,0,0,0.056
1452,31.20,18.04,34.40,19.66,0,0,0,0.057
1453,103.20,122.84,106.31,124.53,0,1,0,0.057
1454,280.10,260.26,283.31,261.86,0,0,0,0.056
1455,319.31,194.95,322.47,196.62,0,0,0,0.058
1456,247.21,312.76,250.45,314.35,0,0,0,0.057
1457,109.72,96.73,112.94,98.36,0,0,0,0.057
1458,149.04,70.50,152.16,72.14,0,0,0,0.056
1459,306.20,122.82,309.43,124.43,0,1,0,0.057
1460,11.55,149.12,14.82,150.72,0,0,0,0.057
1461,155.62,201.46,158.73,203.15,0,1,0,0.058
1462,221.02,338.85,224.18,340.44,0,1,0,0.055
1463,201.53,312.75,204.68,314.39,0,0,0,0.056
1464,208.02,148.96,211.18,150.47,0,0,0,0.052
1465,181.82,312.76,184.95,314.32,0,1,0,0.054
1466,116.40,129.48,119.62,131.01,0,0,0,0.054
1467,207.89,155.65,211.01,157.33,0,0,0,0.058
1468,168.75,260.27,171.92,261.89,0,0,1,0.056
1469,227.59,279.99,230.89,281.54,0,0,0,0.056
1470,319.25,4.93,322.44,6.52,0,1,0,0.056
1471,181.77,96.77,185.01,98.35,0,0,0,0.056
1472,280.10,103.14,283.34,104.76,0,0,0,0.057
1473,175.22,162.07,178.34,163.72,0,0,0,0.057
1474,299.61,11.47,302.88,13.05,0,0,0,0.057
1475,273.44,188.26,276.66,189.85,0,0,0,0.056
1476,312.84,319.36,315.95,320.99,0,0,0,0.056
1477,208.02,260.39,211.15,261.94,0,0,0,0.053
1478,194.86,149.08,198.06,150.60,0,0,0,0.053
1479,175.30,194.89,178.43,196.53,0,1,0,0.056
1480,83.49,312.74,86.74,314.32,0,0,0,0.056
1481,90.10,234.17,93.26,235.83,0,0,0,0.057
1482,293.07,188.36,296.24,190.04,0,0,0,0.058
1483,24.74,116.22,27.98,117.90,0,0,0,0.059
1484,70.44,208.06,73.71,209.65,0,0,0,0.057
1485,142.56,57.44,145.69,58.94,0,0,0,0.051
1486,122.86,293.08,126.02,294.66,0,0,1,0.055
1487,129.47,299.72,132.71,301.28,0,1,1,0.055
1488,240.63,155.54,243.79,157.23,0,0,0,0.058
1489,299.61,142.50,302.80,144.02,0,0,0,0.053
1490,299.62,96.63,302.75,98.27,0,0,0,0.057
1491,50.77,70.41,53.96,71.91,0,0,0,0.052
1492,50.85,5.09,54.04,6.69,0,0,0,0.056
1493,168.68,103.12,171.92,104.62,0,0,0,0.053
1494,279.97,77.03,283.09,78.71,0,0,0,0.058
1495,306.28,155.55,309.49,157.14,0,0,0,0.056
1496,162.08,44.19,165.35,45.81,0,0,0,0.058
1497,273.37,77.04,276.64,78.60,0,0,0,0.056
1498,149.06,31.24,152.25,32.81,0,0,0,0.055
1499,293.01,221.17,296.26,222.83,0,0,0,0.059
1500,109.86,109.85,112.98,111.41,0,0,0,0.053
1501,280.00,96.64,283.24,98.28,0,0,0,0.058
1502,90.21,109.68,93.49,111.29,0,0,0,0.058
1503,63.89,221.09,67.09,222.65,0,0,0,0.055
1504,253.91,338.98,257.17,340.59,0,0,0,0.057
1505,207.94,312.76,211.17,314.35,0,0,0,0.056
1506,90.17,31.10,93.44,32.69,0,0,0,0.057
1507,240.68,70.54,243.79,72.10,0,0,0,0.053
1508,214.55,221.01,217.83,222.52,0,0,0,0.054
1509,63.92,312.69,67.08,314.24,0,0,0,0.054
1510,136.00,90.22,139.19,91.90,0,1,0,0.059
1511,116.34,122.89,119.53,124.44,0,0,0,0.054
1512,31.14,37.76,34.33,39.36,0,0,0,0.056
1513,50.78,319.33,54.00,320.92,0,1,0,0.056
1514,162.18,109.76,165.44,111.38,0,0,0,0.058
1515,77.09,280.09,80.36,281.67,0,0,0,0.056
1516,155.57,4.97,158.82,6.47,0,1,0,0.053
1517,135.97,103.27,139.12,104.93,0,1,0,0.057
1518,306.17,188.25,309.32,189.88,0,0,0,0.057
1519,31.16,214.45,34.26,216.10,0,0,0,0.056
1520,109.67,208.07,112.94,209.70,0,0,0,0.058
1521,266.90,299.64,270.19,301.19,0,0,0,0.055
1522,155.66,240.76,158.79,242.39,0,0,1,0.056
1523,122.82,44.31,126.07,45.85,0,0,0,0.055
1524,319.29,181.83,322.42,183.50,0,1,0,0.057
1525,175.20,332.41,178.48,333.92,0,0,0,0.054
1526,116.37,319.29,119.56,320.95,0,0,0,0.058
1527,319.28,96.63,322.54,98.30,0,0,0,0.06
1528,247.32,319.20,250.52,320.90,0,0,0,0.059
1529,273.50,31.25,276.61,32.93,0,0,0,0.057
1530,24.70,77.06,27.89,78.71,0,0,0,0.057
1531,142.53,306.26,145.65,307.94,0,0,1,0.057
1532,168.70,5.03,171.97,6.71,0,0,0,0.06
1533,214.52,162.08,217.72,163.73,0,0,0,0.058
1534,208.06,221.12,211.32,222.72,0,0,0,0.057
1535,201.42,201.48,204.61,203.16,0,1,0,0.059
1536,175.29,5.08,178.47,6.71,0,0,0,0.057
1537,247.25,168.65,250.44,170.22,0,0,0,0.055
1538,312.82,201.49,316.06,203.09,0,0,0,0.057
1539,227.61,11.52,230.75,13.13,0,0,0,0.055
1540,116.29,90.08,119.46,91.67,0,0,0,0.055
1541,24.58,240.67,27.82,242.35,0,0,0,0.059
1542,227.61,116.36,230.75,117.94,0,0,0,0.055
1543,31.19,142.54,34.33,144.08,0,0,0,0.053
1544,234.19,227.53,237.46,229.18,0,1,0,0.059
1545,266.90,286.50,270.15,288.05,0,0,0,0.055
1546,227.58,312.73,230.78,314.24,0,0,0,0.053
1547,142.51,90.21,145.78,91.72,0,0,0,0.054
1548,280.00,148.97,283.23,150.54,0,0,0,0.055
1549,122.94,37.73,126.11,39.31,0,1,0,0.055
1550,220.99,280.09,224.14,281.72,0,0,0,0.056
1551,260.43,273.43,263.67,274.99,0,0,0,0.055
1552,37.70,208.00,40.82,209.67,0,0,0,0.057
1553,70.57,24.60,73.86,26.19,0,1,0,0.057
1554,227.58,266.82,230.78,268.42,0,1,0,0.056
1555,70.41,18.08,73.65,19.73,0,0,0,0.059
1556,44.34,175.24,47.63,176.93,0,0,0,0.061
1557,312.73,50.93,315.94,52.56,0,0,0,0.057
1558,63.91,339.01,67.15,340.55,0,0,0,0.054
1559,18.02,227.63,21.27,229.18,0,0,0,0.055
1560,162.07,201.36,165.27,203.03,0,0,0,0.058
1561,44.19,247.28,47.30,248.97,0,0,0,0.058
1562,155.67,168.65,158.92,170.30,0,0,0,0.059
1563,260.42,208.04,263.63,209.65,0,0,0,0.056
1564,286.46,293.09,289.59,294.59,0,0,0,0.052
1565,247.19,103.30,250.37,104.80,0,0,0,0.052
1566,44.33,44.31,47.51,45.96,0,1,0,0.058
1567,266.97,76.98,270.25,78.63,0,0,0,0.059
1568,247.29,83.58,250.39,85.26,0,0,0,0.057
1569,227.68,293.20,230.83,294.73,0,0,0,0.053
1570,83.54,299.64,86.82,301.30,0,0,0,0.06
1571,57.38,18.07,60.65,19.74,0,0,0,0.06
1572,64.03,234.12,67.26,235.82,0,0,0,0.06
1573,116.24,109.72,119.38,111.32,0,0,0,0.055
1574,162.19,50.78,165.39,52.38,0,0,0,0.056
1575,188.42,325.82,191.64,327.48,0,1,0,0.058
1576,129.35,18.17,132.48,19.75,0,0,0,0.054
1577,306.23,24.71,309.35,26.39,0,0,0,0.058
1578,70.47,142.42,73.59,144.10,0,0,0,0.058
1579,135.91,221.03,139.05,222.66,0,0,0,0.056
1580,70.56,234.27,73.80,235.91,0,0,0,0.058
1581,57.33,90.11,60.46,91.76,0,0,0,0.056
1582,162.22,149.14,165.38,150.82,0,0,0,0.058
1583,11.64,279.99,14.78,281.58,0,0,0,0.055
1584,142.57,37.64,145.73,39.25,0,0,0,0.056
1585,109.68,24.55,112.89,26.05,0,0,0,0.053
1586,18.02,175.22,21.19,176.77,0,0,0,0.054
1587,306.29,103.31,309.47,105.01,0,0,0,0.059
1588,57.35,44.27,60.45,45.96,0,0,0,0.057
1589,175.21,325.77,178.36,327.41,0,0,0,0.056
1590,37.77,37.65,40.99,39.24,0,0,0,0.056
1591,142.54,299.67,145.76,301.28,0,0,1,0.057
1592,253.87,299.64,257.13,301.28,0,0,0,0.059
1593,155.62,83.66,158.90,85.31,0,0,0,0.059
1594,188.36,253.89,191.61,255.53,0,0,1,0.058
1595,11.60,306.20,14.73,307.82,0,0,0,0.055
1596,18.07,266.83,21.25,268.38,0,0,0,0.054
1597,31.15,325.75,34.43,327.34,0,0,0,0.057
1598,24.59,109.82,27.85,111.36,0,0,0,0.055
1599,76.99,201.35,80.24,203.05,0,1,0,0.06
1600,194.98,135.91,198.25,137.43,0,0,0,0.054
1601,76.98,325.88,80.22,327.52,0,0,0,0.058
1602,37.71,234.18,40.86,235.74,0,0,0,0.054
1603,90.11,24.62,93.23,26.25,0,0,0,0.056
1604,103.19,227.63,106.43,229.32,0,1,0,0.06
1605,149.13,142.46,152.24,144.07,0,0,0,0.055
1606,136.00,306.16,139.21,307.66,0,0,1,0.053
1607,18.13,325.81,21.33,327.41,0,0,0,0.056
1608,109.67,234.27,112.89,235.96,0,1,1,0.06
1609,162.12,57.43,165.26,59.07,0,0,0,0.057
1610,11.58,188.38,14.77,190.07,0,1,0,0.059
1611,149.10,5.08,152.25,6.76,0,0,0,0.058
1612,194.94,129.47,198.23,131.01,0,0,0,0.055
1613,155.63,280.06,158.87,281.69,0,0,1,0.058
1614,24.58,247.17,27.71,248.83,0,1,0,0.057
1615,266.85,135.99,270.01,137.52,0,0,0,0.053
1616,267.01,63.85,270.26,65.40,0,0,0,0.055
1617,168.74,188.35,171.84,189.94,0,0,0,0.054
1618,31.21,83.54,34.36,85.23,0,0,0,0.058
1619,129.42,214.47,132.63,216.11,0,0,0,0.058
1620,201.51,103.14,204.62,104.73,0,0,0,0.054
1621,221.06,142.53,224.35,144.12,0,1,0,0.057
1622,116.40,77.11,119.53,78.70,0,0,0,0.054
1623,24.57,50.82,27.75,52.46,0,1,0,0.057
1624,168.70,44.37,171.94,46.06,0,0,0,0.06
1625,31.15,299.73,34.33,301.41,0,1,0,0.058
1626,201.49,109.73,204.76,111.34,0,0,0,0.058
1627,319.21,162.18,322.43,163.81,0,0,0,0.058
1628,31.11,201.39,34.25,202.97,0,0,0,0.054
1629,57.28,293.04,60.51,294.69,0,0,0,0.058
1630,63.97,306.20,67.24,307.85,0,0,0,0.059
1631,221.15,220.98,224.42,222.58,0,0,0,0.057
1632,31.20,181.75,34.38,183.42,0,0,0,0.058
1633,279.97,319.29,283.19,320.91,0,0,0,0.057
1634,129.33,188.32,132.45,189.97,0,0,0,0.056
1635,148.99,18.14,152.23,19.76,0,0,0,0.057
1636,214.56,129.49,217.75,131.09,0,1,0,0.056
1637,70.53,293.00,73.71,294.53,0,0,0,0.053
1638,247.26,299.58,250.44,301.15,0,0,0,0.054
1639,162.07,168.77,165.19,170.43,0,0,0,0.057
1640,181.76,325.82,184.93,327.43,0,1,0,0.056
1641,253.86,77.10,257.09,78.75,0,0,0,0.058
1642,77.06,11.54,80.28,13.07,0,0,0,0.054
1643,76.96,339.02,80.24,340.56,0,0,0,0.055
1644,142.56,188.35,145.82,189.98,0,0,0,0.058
1645,168.64,168.79,171.85,170.42,0,1,0,0.057
1646,116.37,175.24,119.59,176.78,0,0,0,0.054
1647,306.19,181.78,309.33,183.34,0,0,0,0.054
1648,31.14,96.74,34.28,98.33,0,0,0,0.055
1649,266.95,168.68,270.19,170.37,0,0,0,0.06
1650,162.16,253.84,165.40,255.48,0,0,1,0.058
1651,77.05,70.54,80.29,72.16,0,1,0,0.057
1652,247.29,240.63,250.55,242.18,0,0,0,0.055
1653,63.88,63.84,67.11,65.50,0,0,0,0.059
1654,63.84,11.56,67.06,13.09,0,0,0,0.054
1655,155.68,63.95,158.85,65.45,0,0,0,0.052
1656,70.49,37.82,73.60,39.33,0,0,0,0.051
1657,162.16,247.25,165.33,248.86,0,1,1,0.056
1658,266.98,201.35,270.25,203.03,0,0,0,0.06
1659,122.77,253.74,125.96,255.34,0,0,1,0.056
1660,208.05,293.09,211.33,294.78,0,1,0,0.061
1661,280.04,194.90,283.21,196.52,0,0,0,0.056
1662,122.78,286.56,125.91,288.19,0,0,1,0.056
1663,234.22,253.75,237.34,255.42,0,0,0,0.057
1664,253.86,286.62,257.09,288.12,0,0,0,0.053
1665,5.01,70.49,8.21,72.17,0,0,0,0.059
1666,319.38,325.93,322.55,327.51,0,0,0,0.055
1667,214.60,135.98,217.78,137.61,0,0,0,0.057
1668,240.69,299.56,243.99,301.16,0,0,0,0.058
1669,312.71,253.90,315.99,255.49,0,0,0,0.057
1670,260.37,260.43,263.61,262.09,0,0,0,0.059
1671,11.45,24.73,14.69,26.30,0,0,0,0.056
1672,18.08,247.23,21.19,248.77,0,1,0,0.053
1673,286.59,247.24,289.86,248.88,0,0,0,0.058
1674,37.70,116.28,40.83,117.91,0,0,0,0.056
1675,221.11,77.07,224.32,78.70,0,0,0,0.057
1676,319.37,168.76,322.63,170.45,0,0,0,0.06
1677,24.56,148.96,27.71,150.51,0,0,0,0.054
1678,306.28,325.89,309.48,327.50,0,0,0,0.056
1679,279.98,293.04,283.16,294.56,0,0,0,0.053
1680,260.41,96.71,263.69,98.24,0,0,0,0.055
1681,4.95,148.96,8.09,150.53,0,0,0,0.054
1682,103.15,299.70,106.34,301.36,0,0,0,0.058
1683,194.83,273.55,198.06,275.23,0,0,0,0.059
1684,63.87,279.93,66.99,281.62,0,0,0,0.058
1685,194.88,214.45,198.00,215.99,0,0,0,0.053
1686,266.87,90.16,270.08,91.83,0,0,0,0.059
1687,135.96,312.67,139.11,314.25,0,1,0,0.055
1688,286.53,11.48,289.70,13.15,0,0,0,0.058
1689,162.08,306.13,165.35,307.79,0,0,1,0.059
1690,149.02,293.19,152.24,294.80,0,1,1,0.057
1691,253.90,234.24,257.02,235.91,0,0,0,0.057
1692,240.80,77.12,244.06,78.70,0,1,0,0.056
1693,18.03,299.57,21.31,301.21,0,0,0,0.059
1694,286.57,306.25,289.70,307.94,0,1,0,0.058
1695,168.79,312.84,171.96,314.46,0,0,0,0.056
1696,116.40,273.48,119.63,275.10,0,0,1,0.057
1697,90.11,273.47,93.31,274.99,0,1,0,0.053
1698,155.59,214.45,158.83,216.09,0,1,0,0.058
1699,129.38,162.15,132.52,163.77,0,0,0,0.056
1700,116.38,280.05,119.59,281.75,0,0,1,0.059
1701,5.04,240.78,8.15,242.43,0,0,0,0.056
1702,116.31,181.84,119.44,183.43,0,0,0,0.055
1703,201.50,273.40,204.79,275.06,0,0,0,0.06
1704,57.40,260.45,60.69,262.01,0,0,0,0.056
1705,90.17,188.44,93.34,190.08,0,0,0,0.057
1706,208.06,31.13,211.30,32.79,0,0,0,0.059
1707,227.72,90.04,230.88,91.65,0,0,0,0.056
1708,109.76,76.98,113.04,78.50,0,0,0,0.054
1709,260.43,11.52,263.61,13.18,0,0,0,0.058
1710,18.09,109.78,21.36,111.36,0,0,0,0.057
1711,90.08,90.10,93.35,91.64,0,0,0,0.055
1712,207.90,96.58,211.05,98.09,0,0,0,0.052
1713,201.36,122.96,204.61,124.58,0,0,0,0.058
1714,194.86,260.43,198.13,262.11,0,0,0,0.06
1715,18.17,260.27,21.45,261.89,0,0,0,0.058
1716,181.74,280.08,184.96,281.70,0,0,1,0.057
1717,175.32,240.76,178.59,242.30,0,0,1,0.055
1718,266.95,155.51,270.24,157.10,0,0,0,0.057
1719,18.02,312.77,21.23,314.39,0,0,0,0.057
1720,142.51,175.31,145.77,176.81,0,1,0,0.053
1721,70.41,162.24,73.69,163.79,0,0,0,0.056
1722,234.16,306.28,237.36,307.84,0,0,0,0.055
1723,129.34,286.50,132.49,288.15,0,0,1,0.057
1724,24.67,293.06,27.84,294.59,0,0,0,0.053
1725,142.41,168.79,145.62,170.45,0,0,0,0.059
1726,234.18,57.43,237.35,58.99,0,0,0,0.054
1727,234.08,260.32,237.22,261.86,0,0,0,0.053
1728,312.79,57.38,315.92,58.91,0,1,0,0.052
1729,90.14,77.08,93.30,78.78,0,0,0,0.058
1730,83.58,338.93,86.74,340.47,0,0,0,0.053
1731,90.22,129.34,93.50,130.93,0,1,0,0.057
1732,312.75,37.77,315.95,39.32,0,0,0,0.054
1733,260.31,319.37,263.57,320.91,0,1,0,0.055
1734,227.58,103.20,230.81,104.83,0,1,0,0.058
1735,214.48,207.92,217.75,209.45,0,0,0,0.054
1736,299.71,201.52,302.84,203.07,0,0,0,0.053
1737,201.36,188.39,204.62,189.92,0,0,0,0.054
1738,5.06,188.37,8.23,190.03,0,0,0,0.057
1739,207.93,109.69,211.08,111.32,0,1,0,0.056
1740,103.30,57.34,106.41,58.96,0,0,0,0.055
1741,194.83,162.05,197.99,163.57,0,0,0,0.052
1742,306.24,260.43,309.53,262.12,0,1,0,0.061
1743,273.47,50.79,276.67,52.34,0,0,0,0.054
1744,37.70,247.26,40.97,248.95,0,0,0,0.061
1745,76.97,155.57,80.10,157.08,0,0,0,0.052
1746,162.11,266.95,165.32,268.60,0,0,1,0.058
1747,37.78,325.84,41.07,327.38,0,0,0,0.055
1748,175.27,37.76,178.38,39.45,0,0,0,0.058
1749,90.22,299.74,93.50,301.29,0,0,0,0.055
1750,122.83,260.36,126.06,261.94,0,0,1,0.056
1751,31.25,240.68,34.51,242.26,0,0,0,0.056
1752,247.23,260.37,250.36,262.02,0,1,0,0.057
1753,162.22,227.56,165.40,229.10,0,0,0,0.054
1754,31.18,273.36,34.41,274.98,0,0,0,0.057
1755,208.02,162.22,211.13,163.73,0,0,0,0.051
1756,201.41,253.73,204.64,255.31,0,0,0,0.056
1757,227.64,109.69,230.74,111.28,0,0,0,0.054
1758,312.83,194.79,315.96,196.38,0,0,0,0.054
1759,267.00,162.22,270.23,163.90,0,0,0,0.059
1760,220.99,181.75,224.13,183.25,0,0,0,0.052
1761,279.95,155.66,283.15,157.29,0,1,0,0.057
1762,44.20,90.05,47.38,91.66,0,0,0,0.056
1763,31.15,57.42,34.37,59.12,0,1,0,0.06
1764,129.43,122.78,132.66,124.35,0,0,0,0.055
1765,247.21,273.47,250.33,274.99,0,0,0,0.052
1766,208.01,77.12,211.16,78.76,0,0,0,0.057
1767,90.08,142.57,93.20,144.16,0,0,0,0.054
1768,96.62,129.47,99.78,130.99,0,0,0,0.053
1769,70.38,188.32,73.55,189.95,0,1,0,0.056
1770,247.21,37.76,250.42,39.38,0,1,0,0.057
1771,70.42,155.54,73.60,157.11,0,0,0,0.055
1772,18.09,240.78,21.21,242.48,0,0,0,0.058
1773,194.95,194.95,198.13,196.61,0,0,0,0.058
1774,214.48,122.78,217.68,124.44,0,0,0,0.058
1775,214.56,227.54,217.78,229.09,0,0,0,0.054
1776,188.39,299.64,191.59,301.15,0,0,1,0.053
1777,162.24,286.51,165.52,288.18,0,0,1,0.06
1778,168.78,319.30,171.98,320.87,0,0,0,0.055
1779,103.19,286.54,106.32,288.06,0,0,0,0.052
1780,96.64,234.25,99.89,235.91,0,0,0,0.059
1781,96.70,240.63,99.97,242.24,0,0,0,0.058
1782,37.80,90.16,40.94,91.70,0,0,0,0.053
1783,57.32,122.77,60.43,124.37,0,0,0,0.055
1784,129.32,129.48,132.50,131.11,0,0,0,0.057
1785,168.64,50.77,171.91,52.39,0,0,0,0.058
1786,83.59,293.11,86.75,294.77,0,0,0,0.057
1787,24.57,168.78,27.75,170.35,0,1,0,0.055
1788,188.29,339.01,191.40,340.62,0,0,0,0.055
1789,208.08,299.73,211.27,301.39,0,1,0,0.058
1790,293.20,103.26,296.45,104.84,0,0,0,0.056
1791,70.38,260.44,73.61,261.97,0,0,0,0.054
1792,37.77,155.62,41.01,157.21,0,0,0,0.056
1793,4.91,214.55,8.05,216.20,0,0,0,0.057
1794,155.66,142.42,158.88,144.01,0,0,0,0.056
1795,214.43,240.66,217.65,242.32,0,0,0,0.058
1796,50.93,221.17,54.22,222.79,0,0,0,0.058
1797,280.10,70.49,283.33,72.16,0,0,0,0.059
1798,122.89,103.27,126.10,104.86,0,0,0,0.056
1799,286.57,181.86,289.77,183.49,0,0,0,0.057
1800,4.93,194.93,8.04,196.45,0,0,0,0.052
1801,247.34,18.08,250.63,19.59,0,0,0,0.054
1802,273.38,312.82,276.60,314.49,0,0,0,0.059
1803,299.67,312.68,302.80,314.36,0,1,0,0.058
1804,201.46,332.33,204.62,333.95,0,0,0,0.056
1805,70.52,116.41,73.77,118.08,0,0,0,0.059
1806,299.65,293.16,302.86,294.82,0,0,0,0.058
1807,273.40,260.42,276.70,262.10,0,0,0,0.06
1808,44.27,181.85,47.52,183.47,0,0,0,0.058
1809,181.79,266.88,184.95,268.40,0,0,1,0.053
1810,266.88,338.96,270.03,340.62,0,0,0,0.057
1811,240.81,273.37,243.95,275.03,0,0,0,0.057
1812,247.27,280.10,250.54,281.61,0,1,0,0.054
1813,280.07,175.15,283.20,176.69,0,1,0,0.053
1814,227.62,57.32,230.83,58.93,0,0,0,0.057
1815,24.65,57.35,27.93,58.99,0,0,0,0.059
1816,279.97,18.14,283.23,19.67,0,0,0,0.054
1817,201.41,266.95,204.70,268.53,0,0,0,0.057
1818,142.60,5.00,145.85,6.57,0,0,0,0.056
1819,103.14,129.31,106.28,130.93,0,0,0,0.056
1820,155.65,149.00,158.80,150.54,0,0,0,0.053
1821,122.77,31.17,125.88,32.75,0,0,0,0.054
1822,148.96,77.00,152.24,78.54,0,0,0,0.055
1823,90.03,50.85,93.32,52.53,0,1,0,0.06
1824,201.50,18.03,204.63,19.55,0,0,0,0.052
1825,63.93,319.20,67.09,320.76,0,1,0,0.054
1826,188.26,207.98,191.43,209.59,0,0,0,0.056
1827,208.07,90.19,211.31,91.78,0,0,0,0.056
1828,5.00,63.98,8.23,65.61,0,0,0,0.057
1829,90.14,57.29,93.30,58.84,0,0,0,0.054
1830,293.17,11.60,296.32,13.22,0,1,0,0.056
1831,181.74,63.89,184.94,65.45,0,1,0,0.054
1832,63.94,57.38,67.21,59.06,0,0,0,0.06
1833,293.09,168.69,296.29,170.33,0,1,0,0.058
1834,37.69,260.40,40.82,261.96,0,0,0,0.053
1835,214.53,266.88,217.76,268.45,0,0,0,0.055
1836,181.83,273.46,184.96,275.12,0,0,1,0.057
1837,70.50,149.04,73.66,150.59,0,0,0,0.054
1838,24.58,194.97,27.79,196.55,0,0,0,0.056
1839,234.26,168.77,237.45,170.43,0,0,0,0.058
1840,142.44,214.57,145.69,216.07,0,0,0,0.053
1841,306.16,57.37,309.43,59.05,0,0,0,0.06
1842,220.99,162.07,224.28,163.65,0,0,0,0.057
1843,162.21,181.84,165.44,183.50,0,0,0,0.059
1844,70.57,83.56,73.75,85.20,0,1,0,0.057
1845,221.09,201.51,224.30,203.14,0,1,0,0.057
1846,273.45,279.92,276.66,281.47,0,0,0,0.054
1847,181.80,194.84,184.98,196.35,0,0,0,0.053
1848,188.41,332.45,191.55,334.03,0,0,0,0.054
1849,83.55,11.57,86.83,13.21,0,1,0,0.059
1850,293.14,44.31,296.31,45.83,0,0,0,0.053
1851,234.15,103.15,237.38,104.85,0,0,0,0.06
1852,253.87,188.26,257.10,189.91,0,0,0,0.058
1853,135.91,247.25,139.11,248.86,0,0,1,0.056
1854,90.14,103.23,93.43,104.78,0,0,0,0.056
1855,162.12,325.83,165.41,327.35,0,1,0,0.055
1856,155.57,325.82,158.71,327.44,0,0,0,0.056
1857,4.98,96.63,8.14,98.14,0,0,0,0.052
1858,96.74,122.80,99.89,124.31,0,0,0,0.052
1859,5.06,260.29,8.35,261.88,0,0,0,0.057
1860,18.00,168.70,21.14,170.25,0,1,0,0.053
1861,221.10,129.33,224.30,130.84,0,0,0,0.053
1862,77.07,188.26,80.32,189.76,0,1,0,0.053
1863,155.56,103.12,158.72,104.66,0,0,0,0.053
1864,207.96,247.25,211.11,248.79,0,0,0,0.053
1865,162.09,96.58,165.26,98.24,0,0,0,0.058
1866,319.29,312.67,322.43,314.20,0,1,0,0.053
1867,162.13,293.06,165.33,294.57,0,0,1,0.053
1868,129.43,77.12,132.54,78.75,0,1,0,0.056
1869,201.39,207.94,204.52,209.57,0,0,0,0.056
1870,208.02,273.38,211.21,274.99,0,0,0,0.056
1871,227.54,306.22,230.79,307.83,0,0,0,0.057
1872,77.02,332.48,80.25,333.99,0,0,0,0.053
1873,221.02,227.59,224.23,229.18,0,0,0,0.056
1874,299.60,155.64,302.86,157.25,0,0,0,0.057
1875,116.29,260.31,119.46,261.92,0,0,1,0.056
1876,109.83,194.82,113.05,196.44,0,0,0,0.057
1877,11.47,214.57,14.77,216.11,0,0,0,0.055
1878,201.53,319.38,204.80,321.01,0,0,0,0.058
1879,37.75,136.01,40.96,137.61,0,0,0,0.056
1880,70.51,181.77,73.62,183.31,0,1,0,0.052
1881,181.81,181.82,185.03,183.35,0,1,0,0.054
1882,279.93,50.83,283.12,52.38,0,0,0,0.054
1883,240.66,37.66,243.89,39.26,0,0,0,0.057
1884,227.63,149.11,230.74,150.75,0,0,0,0.056
1885,96.69,266.87,99.94,268.54,0,0,0,0.059
1886,50.75,109.85,53.97,111.51,0,1,0,0.058
1887,57.47,11.47,60.65,13.04,0,1,0,0.054
1888,135.98,338.85,139.15,340.41,0,0,0,0.054
1889,64.02,325.83,67.18,327.40,0,0,0,0.054
1890,116.30,70.53,119.50,72.12,0,0,0,0.056
1891,37.82,57.40,41.01,58.94,0,0,0,0.054
1892,37.74,70.50,40.97,72.14,0,0,0,0.058
1893,63.87,260.45,67.02,262.09,0,0,0,0.057
1894,208.04,57.36,211.18,59.01,0,0,0,0.057
1895,312.71,77.02,315.83,78.70,0,0,0,0.057
1896,162.22,175.18,165.35,176.77,0,0,0,0.055
1897,90.07,181.72,93.31,183.38,0,1,0,0.059
1898,247.24,266.93,250.35,268.52,0,0,0,0.054
1899,208.06,286.60,211.26,288.25,0,0,0,0.058
1900,136.01,293.05,139.17,294.71,0,0,1,0.057
1901,188.28,135.95,191.54,137.48,0,0,0,0.054
1902,50.81,188.32,54.08,189.89,0,0,0,0.056
1903,57.40,299.63,60.55,301.32,0,0,0,0.058
1904,63.91,77.05,67.12,78.67,0,0,0,0.057
1905,234.08,286.55,237.24,288.08,0,0,0,0.053
1906,247.30,306.27,250.55,307.92,0,0,0,0.058
1907,306.26,149.04,309.46,150.60,0,1,0,0.055
1908,194.83,247.37,198.11,248.97,0,0,0,0.058
1909,96.68,247.34,99.89,248.96,0,1,0,0.057
1910,155.63,11.62,158.92,13.24,0,0,0,0.058
1911,162.11,122.96,165.28,124.49,0,0,0,0.053
1912,293.09,63.86,296.23,65.55,0,0,0,0.058
1913,253.89,109.80,257.08,111.43,0,0,0,0.057
1914,221.02,122.84,224.12,124.47,0,0,0,0.055
1915,175.29,260.34,178.53,261.84,0,0,1,0.053
1916,116.30,149.12,119.46,150.68,0,0,0,0.054
1917,293.09,142.58,296.34,144.12,0,0,0,0.055
1918,194.84,168.71,197.99,170.33,0,0,0,0.056
1919,188.35,37.75,191.65,39.43,0,0,0,0.061
1920,266.82,129.36,270.11,130.87,0,0,0,0.054
1921,136.03,214.50,139.22,216.18,0,0,0,0.059
1922,31.22,312.82,34.46,314.33,0,0,0,0.053
1923,319.35,129.42,322.61,130.99,0,1,0,0.056
1924,44.28,253.72,47.56,255.34,0,0,0,0.058
1925,148.99,24.63,152.23,26.17,0,0,0,0.055
1926,319.27,280.10,322.56,281.68,0,1,0,0.057
1927,50.89,247.29,54.18,248.83,0,0,0,0.055
1928,90.16,247.26,93.29,248.90,0,1,0,0.056
1929,77.12,96.62,80.26,98.25,0,0,0,0.056
1930,293.13,57.30,296.35,58.85,0,0,0,0.055
1931,83.55,37.65,86.82,39.29,0,0,0,0.059
1932,266.94,188.42,270.11,189.94,0,0,0,0.053
1933,319.37,286.53,322.48,288.08,0,0,0,0.053
1934,63.98,5.02,67.22,6.58,0,0,0,0.055
1935,122.79,142.58,125.97,144.16,0,0,0,0.055
1936,188.26,194.97,191.37,196.60,0,1,0,0.056
1937,76.95,37.75,80.11,39.40,0,0,0,0.057
1938,240.63,116.37,243.77,117.89,0,0,0,0.052
1939,18.05,208.08,21.34,209.71,0,0,0,0.058
1940,149.08,44.28,152.24,45.84,0,0,0,0.054
1941,234.08,234.16,237.36,235.69,0,0,0,0.055
1942,227.54,50.93,230.69,52.47,0,0,0,0.053
1943,208.06,201.51,211.19,203.10,0,0,0,0.054
1944,253.79,260.36,257.07,261.89,0,0,0,0.055
1945,181.71,44.29,184.92,45.91,0,0,0,0.057
1946,253.85,11.47,257.01,13.06,0,0,0,0.055
1947,5.03,299.57,8.25,301.24,0,1,0,0.059
1948,306.15,338.89,309.35,340.57,0,0,0,0.059
1949,168.65,227.72,171.91,229.39,0,0,0,0.06
1950,83.64,129.34,86.88,130.86,0,0,0,0.054
1951,312.82,5.04,316.01,6.67,0,0,0,0.057
1952,149.10,181.81,152.37,183.32,0,0,0,0.054
1953,129.31,194.85,132.60,196.52,0,0,0,0.06
1954,148.97,109.80,152.12,111.35,0,1,0,0.053
1955,83.48,286.63,86.73,288.25,0,0,0,0.058
1956,286.62,201.52,289.86,203.10,0,0,0,0.056
1957,168.75,96.69,171.91,98.21,0,0,0,0.053
1958,280.09,44.34,283.38,45.96,0,0,0,0.058
1959,31.13,90.19,34.29,91.82,0,1,0,0.056
1960,109.80,18.06,113.07,19.67,0,0,0,0.057
1961,214.55,325.75,217.67,327.40,0,0,0,0.056
1962,37.68,4.93,40.89,6.56,0,0,0,0.057
1963,194.80,70.44,197.92,72.06,0,0,0,0.055
1964,279.92,116.36,283.21,117.92,0,0,0,0.056
1965,286.55,299.72,289.75,301.25,0,0,0,0.054
1966,37.78,319.26,40.93,320.77,0,0,0,0.052
1967,11.49,83.57,14.72,85.22,0,1,0,0.058
1968,149.07,214.47,152.25,216.00,0,0,0,0.053
1969,181.77,306.19,184.94,307.69,0,0,1,0.052
1970,37.71,273.54,40.83,275.22,0,0,0,0.057
1971,188.32,220.99,191.50,222.55,0,0,0,0.054
1972,175.14,175.25,178.27,176.79,0,1,0,0.053
1973,109.76,181.80,112.97,183.36,0,0,0,0.054
1974,240.79,332.42,244.00,334.11,0,0,0,0.059
1975,234.22,279.97,237.40,281.55,0,0,0,0.055
1976,286.61,325.81,289.74,327.39,0,0,0,0.054
1977,83.66,162.22,86.83,163.88,0,0,0,0.058
1978,24.69,266.85,27.95,268.42,0,0,0,0.056
1979,83.55,260.41,86.70,262.08,0,0,0,0.058
1980,293.06,312.78,296.17,314.35,0,0,0,0.054
1981,57.34,142.56,60.51,144.17,0,1,0,0.056
1982,50.91,201.48,54.03,203.02,0,0,0,0.052
1983,44.22,306.19,47.40,307.80,0,0,0,0.056
1984,90.15,83.51,93.29,85.18,0,0,0,0.057
1985,221.04,214.62,224.32,216.12,0,0,0,0.054
1986,240.81,253.75,243.93,255.44,0,0,0,0.058
1987,11.63,77.07,14.79,78.75,0,1,0,0.058
1988,266.86,227.62,270.10,229.22,0,0,0,0.057
1989,162.12,77.12,165.27,78.67,0,0,0,0.053
1990,208.02,175.33,211.22,176.92,0,0,0,0.056
1991,201.50,194.84,204.73,196.42,0,0,0,0.056
1992,201.46,247.34,204.64,248.84,0,1,0,0.052
1993,194.91,253.84,198.02,255.37,0,0,0,0.052
1994,221.09,149.01,224.33,150.63,0,0,0,0.057
1995,312.67,260.45,315.85,261.97,0,0,0,0.053
1996,5.06,90.04,8.21,91.63,0,0,0,0.055
1997,5.09,201.48,8.34,203.07,0,0,0,0.056
1998,201.37,76.94,204.60,78.53,0,0,0,0.056
1999,129.46,266.82,132.75,268.35,0,1,1,0.055
2000,18.13,188.27,21.29,189.89,0,0,0,0.056
2001,129.36,11.52,132.47,13.13,0,0,0,0.055
2002,260.30,234.15,263.50,235.85,0,0,0,0.059
2003,260.37,122.95,263.49,124.61,0,0,0,0.057
2004,240.79,293.02,243.99,294.60,0,0,0,0.055
2005,116.35,266.83,119.55,268.46,0,0,1,0.057
2006,162.14,18.06,165.29,19.65,0,0,0,0.055
2007,312.76,103.12,316.05,104.72,0,0,0,0.057
2008,18.04,234.21,21.32,235.74,0,0,0,0.054
2009,214.59,148.97,217.71,150.55,0,0,0,0.054
2010,4.91,306.24,8.14,307.85,0,0,0,0.057
2011,31.21,280.10,34.42,281.61,0,0,0,0.053
2012,253.88,37.72,257.15,39.42,0,0,0,0.061
2013,129.47,247.30,132.69,248.86,0,0,1,0.055
2014,306.23,44.39,309.42,45.92,0,0,0,0.053
2015,293.14,90.14,296.29,91.70,0,0,0,0.054
2016,5.09,44.37,8.24,45.87,0,0,0,0.052
2017,90.09,37.67,93.34,39.32,0,1,0,0.058
2018,280.10,253.75,283.35,255.38,0,0,0,0.058
2019,18.01,319.33,21.29,320.89,0,0,0,0.056
2020,83.53,24.65,86.78,26.27,0,0,0,0.057
2021,266.90,116.29,270.20,117.85,0,0,0,0.056
2022,240.74,175.24,243.94,176.81,0,0,0,0.055
2023,129.41,109.71,132.56,111.23,0,0,0,0.052
2024,279.94,312.77,283.08,314.43,0,0,0,0.057
2025,293.17,18.16,296.30,19.76,0,0,0,0.055
2026,24.55,63.94,27.76,65.45,0,1,0,0.053
2027,103.18,11.53,106.47,13.10,0,0,0,0.056
2028,116.37,194.94,119.47,196.44,0,0,0,0.051
2029,18.18,135.86,21.47,137.49,0,1,0,0.058
2030,253.74,332.36,256.92,333.97,0,1,0,0.056
2031,57.39,312.68,60.62,314.38,0,0,0,0.06
2032,280.05,247.29,283.17,248.84,0,0,0,0.053
2033,122.83,299.57,126.04,301.18,0,0,1,0.056
2034,103.29,90.05,106.41,91.64,0,1,0,0.054
2035,214.58,319.25,217.87,320.85,0,0,0,0.058
2036,50.90,325.90,54.05,327.42,0,1,0,0.053
2037,90.10,155.68,93.39,157.25,0,0,0,0.056
2038,24.56,181.87,27.76,183.41,0,0,0,0.054
2039,175.26,155.62,178.44,157.28,0,0,0,0.057
2040,286.48,37.73,289.66,39.30,0,1,0,0.055
2041,221.08,44.36,224.26,45.94,0,0,0,0.055
2042,90.22,325.79,93.33,327.36,0,0,0,0.054
2043,247.23,96.71,250.45,98.24,0,0,0,0.054
2044,148.95,208.05,152.12,209.71,0,0,0,0.058
2045,96.71,155.59,99.87,157.21,0,0,0,0.056
2046,312.79,109.73,315.93,111.27,0,0,0,0.053
2047,142.52,44.25,145.65,45.89,0,1,0,0.057
2048,286.54,240.72,289.81,242.35,0,0,0,0.058
2049,260.34,299.69,263.60,301.33,0,0,0,0.059
2050,194.88,90.07,198.03,91.62,0,0,0,0.053
2051,319.39,70.42,322.52,72.11,0,0,0,0.058
2052,31.13,266.95,34.34,268.60,0,0,0,0.058
2053,188.41,44.38,191.68,45.97,0,1,0,0.057
2054,312.78,24.55,316.07,26.08,0,1,0,0.055
2055,260.45,339.02,263.56,340.65,0,0,0,0.056
2056,162.21,129.36,165.46,130.97,0,0,0,0.057
2057,103.16,142.55,106.28,144.08,0,0,0,0.052
2058,234.18,37.68,237.40,39.18,0,0,0,0.053
2059,234.20,162.08,237.46,163.73,0,0,0,0.059
2060,312.67,266.82,315.86,268.34,0,0,0,0.053
2061,319.28,44.20,322.48,45.86,0,0,0,0.058
2062,44.23,24.56,47.48,26.22,0,0,0,0.059
2063,181.73,122.88,184.98,124.49,0,0,0,0.057
2064,260.45,135.91,263.70,137.47,0,0,0,0.055
2065,103.16,188.36,106.33,189.94,0,0,0,0.055
2066,96.66,332.36,99.83,333.98,0,1,0,0.056
2067,11.56,181.72,14.82,183.35,0,1,0,0.058
2068,116.36,83.54,119.49,85.10,0,0,0,0.054
2069,162.09,234.18,165.34,235.85,0,0,1,0.059
2070,57.42,129.47,60.61,131.08,0,0,0,0.056
2071,312.74,338.97,316.02,340.56,0,0,0,0.057
2072,148.99,273.50,152.26,275.09,0,0,1,0.057
2073,181.70,240.80,185.00,242.40,0,0,1,0.057
2074,208.03,142.51,211.28,144.04,0,1,0,0.055
2075,122.84,50.81,126.13,52.45,0,0,0,0.059
2076,142.47,247.21,145.77,248.88,0,0,1,0.06
2077,149.11,240.71,152.30,242.35,0,0,1,0.057
2078,162.20,280.11,165.37,281.67,0,0,1,0.054
2079,286.63,4.95,289.86,6.65,0,0,0,0.06
2080,168.69,247.21,171.98,248.85,0,0,1,0.059
2081,188.38,77.04,191.65,78.66,0,1,0,0.058
2082,240.82,109.76,244.05,111.35,0,0,0,0.056
2083,299.70,332.42,302.84,334.09,0,1,0,0.057
2084,299.74,286.55,302.94,288.22,0,0,0,0.058
2085,273.54,286.46,276.72,288.03,0,0,0,0.055
2086,253.86,122.82,257.05,124.37,0,1,0,0.054
2087,149.08,266.98,152.23,268.63,0,0,1,0.057
2088,5.01,319.35,8.19,320.97,0,1,0,0.056
2089,5.00,253.88,8.14,255.41,0,0,0,0.052
2090,11.58,325.92,14.84,327.56,0,0,0,0.059
2091,63.90,83.57,67.04,85.09,0,0,0,0.052
2092,37.69,96.67,40.79,98.23,0,0,0,0.053
2093,260.43,77.10,263.56,78.74,0,0,0,0.056
2094,44.36,37.68,47.63,39.31,0,1,0,0.058
2095,319.31,122.81,322.43,124.35,0,0,0,0.053
2096,129.47,253.88,132.58,255.40,0,1,1,0.052
2097,129.48,306.15,132.69,307.71,0,0,1,0.055
2098,155.52,207.98,158.66,209.55,0,1,0,0.054
2099,253.82,279.95,256.98,281.55,0,0,0,0.055
2100,220.98,188.41,224.23,189.97,0,0,0,0.055
2101,279.95,266.98,283.21,268.68,0,1,0,0.06
2102,31.19,338.87,34.44,340.51,0,0,0,0.058
2103,260.40,240.77,263.65,242.37,0,0,0,0.057
2104,227.69,181.70,230.81,183.21,0,0,0,0.052
2105,168.72,149.10,171.89,150.76,0,1,0,0.058
2106,168.69,279.93,171.92,281.52,0,0,1,0.056
2107,175.21,221.04,178.43,222.69,0,0,0,0.058
2108,214.55,109.85,217.80,111.42,0,0,0,0.056
2109,76.94,306.10,80.20,307.79,0,0,0,0.06
2110,234.26,50.86,237.39,52.52,0,0,0,0.057
2111,44.26,208.03,47.40,209.70,0,0,0,0.057
2112,273.43,299.69,276.60,301.38,0,1,0,0.059
2113,50.84,306.12,54.02,307.81,0,0,0,0.059
2114,299.62,181.74,302.72,183.25,0,0,0,0.051
2115,11.48,57.37,14.77,58.89,0,1,0,0.055
2116,149.07,194.85,152.25,196.51,0,0,0,0.058
2117,77.05,142.42,80.20,143.94,0,0,0,0.052
2118,286.46,188.29,289.75,189.96,0,0,0,0.06
2119,90.11,227.65,93.38,229.19,0,0,0,0.055
2120,122.85,332.31,125.96,333.87,0,0,0,0.053
2121,260.29,44.24,263.48,45.86,0,1,0,0.056
2122,181.79,201.44,185.05,203.09,0,0,0,0.059
2123,194.97,312.78,198.13,314.40,0,1,0,0.056
2124,122.80,175.29,125.99,176.90,0,0,0,0.056
2125,227.57,44.22,230.79,45.75,0,0,0,0.054
2126,162.05,240.80,165.33,242.42,0,0,1,0.058
2127,44.34,201.35,47.49,203.01,0,0,0,0.057
2128,286.59,70.53,289.77,72.05,0,1,0,0.053
2129,129.44,37.70,132.70,39.24,0,0,0,0.055
2130,234.19,201.51,237.43,203.01,0,0,0,0.053
2131,31.16,116.26,34.45,117.81,0,0,0,0.055
2132,63.96,273.50,67.21,275.01,0,0,0,0.054
2133,221.09,63.92,224.22,65.52,0,0,0,0.055
2134,207.90,266.94,211.03,268.62,0,1,0,0.058
2135,260.29,116.33,263.56,118.00,0,0,0,0.06
2136,148.97,325.83,152.08,327.48,0,0,0,0.056
2137,57.37,70.52,60.50,72.16,0,0,0,0.056
2138,109.77,221.08,113.07,222.60,0,0,0,0.055
2139,168.79,201.40,171.94,202.94,0,0,0,0.053
2140,214.44,63.93,217.60,65.44,0,0,0,0.053
2141,70.45,214.44,73.69,216.11,0,0,0,0.059
2142,103.23,168.70,106.35,170.28,0,0,0,0.054
2143,240.67,194.98,243.84,196.61,0,1,0,0.056
2144,234.25,90.17,237.39,91.76,0,1,0,0.055
2145,266.93,11.64,270.18,13.29,0,1,0,0.059
2146,240.70,31.11,243.99,32.72,0,0,0,0.058
2147,293.10,338.98,296.34,340.61,0,0,0,0.058
2148,70.50,135.93,73.79,137.55,0,0,0,0.058
2149,149.12,227.65,152.36,229.32,0,0,0,0.059
2150,96.58,149.03,99.82,150.69,0,1,0,0.059
2151,293.03,207.88,296.27,209.46,0,0,0,0.056
2152,57.31,332.38,60.52,334.06,0,0,0,0.059
2153,5.05,5.07,8.33,6.67,0,0,0,0.058
2154,109.74,201.47,112.97,203.12,0,0,0,0.058
2155,188.40,168.70,191.61,170.38,0,0,0,0.059
2156,286.56,57.42,289.71,59.02,0,1,0,0.055
2157,57.31,5.08,60.52,6.67,0,0,0,0.056
2158,129.37,168.65,132.56,170.20,0,0,0,0.054
2159,24.59,31.18,27.75,32.73,0,0,0,0.054
2160,299.70,194.88,302.84,196.49,0,0,0,0.056
2161,253.80,96.71,257.08,98.34,0,0,0,0.058
2162,24.64,338.96,27.91,340.49,0,0,0,0.055
2163,18.19,293.16,21.35,294.71,0,0,0,0.054
2164,240.71,135.94,243.91,137.63,0,0,0,0.059
2165,214.44,103.26,217.54,104.94,0,0,0,0.057
2166,214.46,299.73,217.69,301.36,0,1,0,0.058
2167,96.72,319.24,99.87,320.79,0,0,0,0.054
2168,299.65,37.76,302.92,39.40,0,0,0,0.058
2169,253.82,201.37,257.00,202.92,0,0,0,0.054
2170,24.68,227.59,27.93,229.10,0,0,0,0.054
2171,293.08,96.62,296.34,98.14,0,0,0,0.054
2172,148.96,260.28,152.22,261.79,0,0,1,0.054
2173,266.83,221.01,269.95,222.68,0,0,0,0.057
2174,149.03,155.51,152.33,157.03,0,0,0,0.055
2175,227.72,168.76,230.94,170.28,0,0,0,0.053
2176,188.30,50.76,191.52,52.27,0,0,0,0.053
2177,116.40,57.32,119.65,59.00,0,1,0,0.06
2178,227.54,247.22,230.73,248.89,0,0,0,0.058
2179,37.66,129.50,40.84,131.13,0,1,0,0.057
2180,63.89,175.15,67.08,176.81,0,0,0,0.058
2181,201.46,142.59,204.74,144.21,0,0,0,0.058
2182,194.83,188.41,198.10,189.95,0,0,0,0.055
2183,273.55,319.27,276.84,320.94,0,0,0,0.06
2184,194.94,338.97,198.09,340.47,0,0,0,0.052
2185,319.24,18.04,322.36,19.72,0,0,0,0.057
2186,116.37,142.57,119.53,144.12,0,0,0,0.053
2187,260.40,214.59,263.54,216.23,0,0,0,0.056
2188,50.86,129.45,54.06,131.08,0,1,0,0.057
2189,253.79,70.39,257.05,71.91,0,0,0,0.054
2190,240.81,247.36,244.05,249.03,0,0,0,0.059
2191,247.28,247.37,250.49,249.00,0,1,0,0.057
2192,103.16,194.85,106.38,196.47,0,0,0,0.057
2193,76.95,109.77,80.19,111.28,0,0,0,0.053
2194,240.68,339.00,243.79,340.69,0,0,0,0.058
2195,50.75,240.69,54.00,242.24,0,1,0,0.055
2196,207.94,188.37,211.07,190.03,0,1,0,0.057
2197,240.70,207.91,243.92,209.54,0,0,0,0.058
2198,83.60,122.90,86.84,124.41,0,0,0,0.054
2199,214.60,332.48,217.77,334.14,0,1,0,0.058
2200,227.60,162.15,230.84,163.66,0,0,0,0.054
2201,70.45,194.82,73.63,196.39,0,0,0,0.055
2202,37.66,103.14,40.86,104.68,0,0,0,0.054
2203,266.83,181.81,270.00,183.47,0,0,0,0.058
2204,162.05,319.38,165.17,321.02,0,0,0,0.056
2205,247.21,76.96,250.48,78.56,0,0,0,0.057
2206,194.94,306.16,198.22,307.67,0,0,0,0.054
2207,306.18,77.11,309.40,78.65,0,0,0,0.054
2208,122.93,312.73,126.23,314.41,0,0,0,0.061
2209,116.38,253.81,119.49,255.38,0,0,1,0.053
2210,240.78,234.24,243.98,235.85,0,1,0,0.057
2211,194.97,293.10,198.14,294.62,0,0,0,0.053
2212,103.17,220.98,106.28,222.59,0,0,0,0.055
2213,90.12,70.47,93.27,71.99,0,1,0,0.052
2214,24.62,162.09,27.83,163.62,0,0,0,0.053
2215,135.98,116.33,139.17,118.00,0,0,0,0.058
2216,214.44,279.92,217.73,281.45,0,0,0,0.055
2217,136.01,70.47,139.21,72.08,0,1,0,0.056
2218,162.15,162.10,165.40,163.79,0,1,0,0.06
2219,96.75,44.37,99.95,45.96,0,0,0,0.056
2220,83.48,168.77,86.70,170.30,0,0,0,0.054
2221,18.06,90.09,21.30,91.60,0,0,0,0.053
2222,279.97,240.71,283.11,242.35,0,1,0,0.056
2223,279.96,227.58,283.23,229.23,0,0,0,0.059
2224,319.21,63.90,322.35,65.47,0,0,0,0.054
2225,44.19,109.67,47.34,111.24,0,0,0,0.054
2226,234.10,96.74,237.24,98.28,0,1,0,0.053
2227,109.71,312.65,112.90,314.16,0,0,0,0.053
2228,37.68,312.83,40.79,314.51,0,1,0,0.057
2229,122.80,96.75,125.99,98.29,0,0,0,0.054
2230,44.29,339.03,47.59,340.67,0,0,0,0.059
2231,135.95,168.79,139.06,170.42,0,0,0,0.056
2232,240.66,122.82,243.89,124.43,0,0,0,0.057
2233,319.32,201.35,322.45,203.04,0,1,0,0.058
2234,77.07,181.81,80.17,183.38,0,0,0,0.053
2235,4.91,293.07,8.05,294.73,0,0,0,0.057
2236,299.72,50.79,302.97,52.46,0,0,0,0.059
2237,50.81,64.01,54.09,65.52,0,1,0,0.054
2238,90.20,332.31,93.30,333.82,0,0,0,0.051
2239,293.15,227.56,296.35,229.15,0,0,0,0.056
2240,260.42,162.08,263.61,163.59,0,0,0,0.053
2241,103.16,266.92,106.27,268.59,0,0,0,0.057
2242,77.09,194.93,80.25,196.62,0,0,0,0.058
2243,90.16,44.34,93.41,46.00,0,1,0,0.059
2244,168.62,11.55,171.85,13.07,0,0,0,0.054
2245,188.42,286.57,191.56,288.09,0,0,1,0.052
2246,142.44,96.71,145.71,98.23,0,0,0,0.054
2247,11.60,50.92,14.80,52.43,0,0,0,0.053
2248,188.29,260.34,191.57,262.02,0,1,1,0.06
2249,44.28,4.95,47.52,6.65,0,0,0,0.06
2250,155.62,181.88,158.73,183.56,0,1,0,0.058
2251,221.14,83.63,224.27,85.18,0,0,0,0.053
2252,142.49,227.62,145.71,229.17,0,1,0,0.055
2253,253.88,266.92,257.11,268.46,0,1,0,0.055
2254,4.95,325.92,8.13,327.52,0,0,0,0.055
2255,175.26,142.46,178.36,144.06,0,0,0,0.054
2256,44.20,142.51,47.39,144.12,0,0,0,0.056
2257,227.58,175.23,230.87,176.76,0,0,0,0.055
2258,312.80,90.11,316.00,91.76,0,0,0,0.058
2259,24.57,83.56,27.85,85.21,0,0,0,0.059
2260,253.86,306.22,257.04,307.74,0,0,0,0.053
2261,234.08,142.59,237.27,144.23,0,1,0,0.057
2262,253.75,214.61,257.00,216.27,0,0,0,0.059
2263,70.45,247.31,73.56,248.82,0,0,0,0.052
2264,77.00,221.06,80.17,222.65,0,0,0,0.055
2265,50.77,339.02,53.93,340.63,0,0,0,0.056
2266,77.00,286.52,80.18,288.21,0,0,0,0.059
2267,286.52,227.60,289.64,229.23,0,0,0,0.056
2268,273.55,11.55,276.83,13.21,0,1,0,0.059
2269,50.91,168.79,54.08,170.40,0,0,0,0.056
2270,299.70,175.26,302.83,176.79,0,0,0,0.053
2271,109.73,149.12,112.99,150.79,0,0,0,0.06
2272,135.88,11.48,139.09,13.18,0,1,0,0.06
2273,129.39,63.96,132.68,65.57,0,0,0,0.058
2274,319.29,135.92,322.57,137.44,0,1,0,0.054
2275,57.29,175.19,60.52,176.81,0,0,0,0.057
2276,162.06,338.86,165.31,340.54,0,0,0,0.06
2277,293.05,129.32,296.29,130.97,0,0,0,0.058
2278,83.52,90.13,86.81,91.72,0,0,0,0.057
2279,293.07,325.75,296.27,327.43,0,1,0,0.059
2280,37.74,201.45,40.90,203.10,0,0,0,0.057
2281,273.43,149.14,276.56,150.80,0,1,0,0.057
2282,24.67,18.09,27.86,19.78,0,0,0,0.059
2283,273.52,24.55,276.73,26.10,0,0,0,0.054
2284,253.88,149.11,256.99,150.77,0,1,0,0.057
2285,77.02,149.03,80.16,150.56,0,1,0,0.053
2286,299.61,63.94,302.75,65.60,0,1,0,0.057
2287,175.29,207.97,178.50,209.53,0,0,0,0.055
2288,175.28,63.91,178.56,65.60,0,0,0,0.061
2289,214.57,168.64,217.71,170.23,0,1,0,0.055
2290,253.77,57.30,257.06,58.87,0,0,0,0.056
2291,201.45,11.54,204.65,13.13,0,0,0,0.056
2292,11.59,253.75,14.83,255.38,0,0,0,0.058
2293,50.81,253.90,54.02,255.40,0,0,0,0.053
2294,11.56,220.99,14.68,222.66,0,0,0,0.057
2295,83.58,57.47,86.78,59.13,0,0,0,0.058
2296,266.87,44.39,270.04,45.99,0,0,0,0.056
2297,286.46,273.42,289.64,274.94,0,0,0,0.053
2298,142.55,11.63,145.79,13.29,0,0,0,0.059
2299,240.82,149.08,243.98,150.61,0,1,0,0.053
2300,188.36,83.54,191.53,85.12,0,0,0,0.055
2301,155.52,260.45,158.65,262.10,0,0,1,0.057
2302,57.34,148.96,60.62,150.49,0,0,0,0.055
2303,181.69,227.63,184.97,229.15,0,0,0,0.054
2304,279.95,83.57,283.20,85.17,0,0,0,0.057
2305,181.88,286.50,185.05,288.05,0,0,1,0.054
2306,266.82,260.39,270.04,261.89,0,0,0,0.053
2307,57.44,319.22,60.63,320.83,0,1,0,0.056
2308,280.08,181.79,283.32,183.37,0,0,0,0.056
2309,70.42,168.74,73.56,170.29,0,0,0,0.053
2310,103.22,63.96,106.44,65.60,0,0,0,0.058
2311,31.28,253.73,34.40,255.31,0,0,0,0.054
2312,168.61,24.61,171.89,26.16,0,0,0,0.055
2313,168.64,31.16,171.76,32.72,0,1,0,0.053
2314,44.21,162.09,47.31,163.75,0,0,0,0.056
2315,70.43,306.29,73.60,307.99,0,0,0,0.059
2316,11.56,194.96,14.83,196.50,0,0,0,0.055
2317,11.62,129.45,14.86,131.07,0,0,0,0.057
2318,312.77,240.63,315.99,242.14,0,0,0,0.053
2319,4.93,279.94,8.04,281.61,0,0,0,0.057
2320,18.04,338.88,21.19,340.44,0,0,0,0.053
2321,37.70,194.92,40.81,196.43,0,0,0,0.051
2322,155.52,253.90,158.79,255.53,0,0,1,0.058
2323,57.29,83.53,60.49,85.19,0,0,0,0.058
2324,319.25,50.78,322.51,52.35,0,0,0,0.056
2325,253.88,24.71,257.17,26.35,0,0,0,0.059
2326,306.26,135.91,309.45,137.57,0,0,0,0.058
2327,240.63,221.05,243.75,222.73,0,0,0,0.058
2328,306.10,240.64,309.24,242.28,0,0,0,0.056
2329,234.11,24.60,237.33,26.28,0,1,0,0.059
2330,50.89,266.82,54.08,268.50,0,0,0,0.058
2331,142.43,83.65,145.62,85.27,0,0,0,0.057
2332,286.48,279.93,289.65,281.49,0,0,0,0.054
2333,194.93,122.88,198.14,124.54,0,0,0,0.058
2334,214.44,70.52,217.73,72.17,0,0,0,0.059
2335,135.91,24.55,139.11,26.13,0,1,0,0.055
2336,109.72,338.97,113.00,340.60,0,0,0,0.059
2337,188.39,227.69,191.55,229.26,0,0,0,0.054
2338,24.60,260.40,27.79,261.93,0,0,0,0.053
2339,122.90,4.94,126.06,6.57,0,0,0,0.056
2340,221.01,253.79,224.23,255.36,0,0,0,0.055
2341,96.77,175.34,99.87,176.87,0,0,0,0.052
2342,116.31,227.53,119.58,229.11,0,0,0,0.056
2343,96.72,77.09,100.00,78.63,0,0,0,0.055
2344,155.51,221.02,158.63,222.63,0,1,0,0.055
2345,96.60,194.98,99.75,196.62,0,0,0,0.056
2346,234.17,312.72,237.46,314.41,0,0,0,0.061
2347,214.44,31.28,217.56,32.95,0,0,0,0.057
2348,155.58,70.46,158.77,71.98,0,0,0,0.053
2349,5.00,129.43,8.20,131.12,0,0,0,0.059
2350,175.23,18.18,178.45,19.79,0,0,0,0.057
2351,227.57,194.91,230.70,196.42,0,0,0,0.052
2352,306.26,306.13,309.43,307.78,0,0,0,0.057
2353,181.73,299.60,184.85,301.15,0,0,1,0.053
2354,312.83,11.53,315.96,13.10,0,0,0,0.054
2355,168.77,221.17,171.93,222.75,0,0,0,0.055
2356,293.14,155.64,296.40,157.27,0,0,0,0.058
2357,194.90,24.65,198.10,26.19,0,0,0,0.054
2358,312.67,325.77,315.94,327.39,0,0,0,0.058
2359,299.65,325.84,302.76,327.54,0,0,0,0.058
2360,109.81,11.48,112.94,13.17,0,0,0,0.058
2361,31.13,77.10,34.26,78.79,0,1,0,0.058
2362,207.93,279.96,211.07,281.57,0,0,0,0.055
2363,247.32,325.88,250.43,327.57,0,0,0,0.057
2364,260.36,109.71,263.59,111.22,0,1,0,0.053
2365,63.99,90.03,67.26,91.62,0,0,0,0.057
2366,247.20,234.14,250.40,235.73,0,0,0,0.055
2367,83.60,149.12,86.74,150.65,0,0,0,0.052
2368,266.86,70.45,270.05,71.95,0,0,0,0.052
2369,64.00,332.39,67.20,333.90,0,1,0,0.053
2370,76.95,44.28,80.07,45.98,0,0,0,0.058
2371,63.96,44.37,67.07,45.96,0,0,0,0.054
2372,149.04,63.87,152.17,65.50,0,0,0,0.056
2373,77.07,24.61,80.25,26.17,0,0,0,0.054
2374,83.63,234.25,86.76,235.79,0,0,0,0.053
2375,319.39,221.17,322.68,222.83,0,1,0,0.06
2376,96.59,70.54,99.80,72.21,0,0,0,0.058
2377,162.18,273.50,165.42,275.01,0,0,1,0.053
2378,273.38,214.62,276.55,216.22,0,1,0,0.055
2379,18.13,129.47,21.34,130.99,0,0,0,0.053
2380,319.32,299.72,322.57,301.35,0,0,0,0.058
2381,122.82,168.66,126.05,170.16,0,0,0,0.053
2382,299.71,103.16,302.88,104.78,0,0,0,0.056
2383,293.19,299.61,296.32,301.19,0,0,0,0.054
2384,90.10,64.00,93.29,65.58,0,0,0,0.055
2385,31.26,24.74,34.44,26.39,0,1,0,0.057
2386,37.80,122.95,41.06,124.64,0,0,0,0.06
2387,286.64,260.44,289.88,262.01,0,0,0,0.056
2388,286.53,162.17,289.73,163.71,0,0,0,0.054
2389,240.64,325.77,243.93,327.36,0,0,0,0.057
2390,188.31,319.35,191.46,321.02,0,0,0,0.058
2391,136.05,201.44,139.29,202.96,0,0,0,0.054
2392,155.56,175.32,158.68,176.84,0,0,0,0.052
2393,162.14,142.45,165.25,144.13,0,0,0,0.057
2394,175.15,11.53,178.40,13.09,0,0,0,0.055
2395,280.04,273.40,283.29,274.97,0,0,0,0.056
2396,57.34,109.75,60.46,111.41,0,0,0,0.057
2397,142.42,181.74,145.69,183.42,0,0,0,0.06
2398,57.34,253.79,60.58,255.30,0,0,0,0.053
2399,299.71,83.52,302.98,85.03,0,1,0,0.054
2400,194.87,207.90,198.02,209.46,0,0,0,0.054
2401,312.69,273.49,315.79,275.00,0,1,0,0.051
2402,240.72,260.40,243.91,262.02,0,0,0,0.057
2403,90.21,312.74,93.47,314.40,0,0,0,0.059
2404,194.93,31.24,198.04,32.89,0,1,0,0.056
2405,312.77,136.05,316.03,137.61,0,0,0,0.055
2406,148.97,175.15,152.14,176.75,0,1,0,0.056
2407,96.63,286.57,99.82,288.22,0,1,0,0.058
2408,260.45,63.92,263.58,65.53,0,0,0,0.055
2409,18.06,70.53,21.31,72.13,0,0,0,0.057
2410,83.57,83.53,86.80,85.23,0,0,0,0.06
2411,286.56,116.31,289.84,117.81,0,1,0,0.054
2412,109.68,325.76,112.84,327.34,0,0,0,0.054
2413,63.94,116.34,67.08,118.04,0,0,0,0.059
2414,129.41,280.07,132.68,281.64,0,0,1,0.056
2415,44.36,50.91,47.51,52.46,0,0,0,0.054
2416,253.87,129.38,256.98,130.92,0,0,0,0.053
2417,286.52,103.18,289.73,104.75,0,0,0,0.055
2418,175.27,168.70,178.50,170.33,0,1,0,0.058
2419,273.48,96.61,276.65,98.20,0,0,0,0.055
2420,188.34,266.83,191.55,268.45,0,1,1,0.057
2421,109.77,50.84,112.89,52.51,0,0,0,0.057
2422,122.82,24.57,125.99,26.17,0,0,0,0.056
2423,24.63,175.19,27.80,176.80,0,0,0,0.056
2424,90.19,122.84,93.38,124.48,0,1,0,0.057
2425,31.17,260.45,34.34,261.98,0,0,0,0.053
2426,181.84,77.03,185.00,78.68,0,1,0,0.057
2427,142.45,18.15,145.67,19.71,0,0,0,0.055
2428,155.69,266.96,158.99,268.61,0,0,1,0.059
2429,90.19,175.19,93.40,176.71,0,0,0,0.053
2430,129.47,273.41,132.70,275.02,0,0,1,0.057
2431,50.80,76.95,54.08,78.45,0,0,0,0.054
2432,122.90,201.46,126.15,203.14,0,0,0,0.06
2433,70.44,44.29,73.71,45.94,0,0,0,0.059
2434,227.67,253.91,230.80,255.51,0,0,0,0.055
2435,175.19,109.77,178.36,111.28,0,0,0,0.052
2436,201.50,280.09,204.70,281.65,0,0,0,0.054
2437,24.62,273.46,27.85,275.02,0,0,0,0.055
2438,221.12,332.31,224.33,333.82,0,1,0,0.053
2439,168.66,338.99,171.82,340.60,0,0,0,0.056
2440,319.31,155.65,322.53,157.17,0,0,0,0.053
2441,83.50,188.42,86.65,189.97,0,0,0,0.053
2442,168.69,77.04,171.82,78.67,0,1,0,0.056
2443,136.03,63.96,139.32,65.50,0,1,0,0.055
2444,286.56,18.01,289.80,19.67,0,0,0,0.059
2445,293.09,279.97,296.20,281.62,0,1,0,0.056
2446,142.56,273.38,145.86,275.05,0,1,1,0.06
2447,273.44,338.86,276.73,340.36,0,0,0,0.054
2448,201.41,227.59,204.69,229.27,0,1,0,0.06
2449,286.65,63.89,289.83,65.54,0,0,0,0.057
2450,109.85,293.01,113.09,294.71,0,0,1,0.06
2451,24.55,37.78,27.85,39.41,0,0,0,0.058
2452,207.89,338.85,211.16,340.51,0,0,0,0.059
2453,11.50,234.08,14.68,235.60,0,0,0,0.053
2454,306.23,247.33,309.38,249.00,0,1,0,0.058
2455,18.06,31.19,21.30,32.72,0,0,0,0.054
2456,83.56,50.83,86.73,52.37,0,1,0,0.054
2457,90.09,319.32,93.37,320.95,0,0,0,0.058
2458,312.67,306.12,315.96,307.67,0,0,0,0.056
2459,266.83,214.51,269.95,216.14,0,0,0,0.056
2460,122.83,319.25,126.08,320.94,0,0,0,0.06
2461,136.04,175.15,139.25,176.70,0,0,0,0.054
2462,234.14,109.75,237.40,111.37,0,1,0,0.058
2463,319.23,11.54,322.52,13.18,0,0,0,0.059
2464,11.59,260.30,14.69,261.87,0,0,0,0.054
2465,273.47,122.82,276.60,124.43,0,1,0,0.055
2466,312.76,168.73,315.87,170.38,0,0,0,0.056
2467,4.91,338.93,8.12,340.57,0,1,0,0.058
2468,194.84,103.16,198.04,104.72,0,1,0,0.055
2469,5.09,181.84,8.30,183.42,0,0,0,0.055
2470,267.00,18.03,270.17,19.60,0,0,0,0.055
2471,181.70,148.96,184.87,150.55,0,0,0,0.055
2472,293.17,253.91,296.35,255.52,0,1,0,0.056
2473,181.85,332.42,185.06,333.96,0,1,0,0.054
2474,279.92,162.19,283.14,163.71,0,1,0,0.053
2475,24.55,70.46,27.81,72.12,0,0,0,0.059
2476,234.19,155.61,237.32,157.14,0,0,0,0.052
2477,83.52,201.45,86.64,203.09,0,0,0,0.056
2478,234.20,266.94,237.49,268.56,0,0,0,0.058
2479,24.57,142.44,27.74,143.95,0,1,0,0.052
2480,96.70,90.09,99.84,91.70,0,0,0,0.055
2481,77.06,273.44,80.20,275.00,0,1,0,0.054
2482,247.17,181.71,250.41,183.40,0,0,0,0.06
2483,162.13,194.87,165.40,196.42,0,1,0,0.055
2484,299.64,260.40,302.89,262.09,0,0,0,0.06
2485,280.00,63.83,283.27,65.37,0,0,0,0.055
2486,142.50,135.88,145.65,137.41,0,0,0,0.053
2487,280.00,207.92,283.10,209.56,0,0,0,0.056
2488,116.28,214.48,119.51,216.11,0,1,0,0.057
2489,260.31,332.43,263.45,334.01,0,1,0,0.054
2490,24.59,312.79,27.76,314.32,0,0,0,0.053
2491,135.92,57.48,139.10,59.13,0,0,0,0.057
2492,253.80,181.75,256.97,183.37,0,1,0,0.056
2493,11.47,4.93,14.62,6.56,0,0,0,0.056
2494,44.36,299.70,47.63,301.38,0,0,0,0.06
2495,57.44,116.31,60.55,117.95,0,0,0,0.056
2496,155.50,234.24,158.70,235.83,0,1,1,0.056
2497,319.21,332.36,322.44,334.00,0,1,0,0.058
2498,50.82,96.57,54.03,98.24,0,0,0,0.058
2499,44.23,260.46,47.43,262.08,0,0,0,0.057
2500,260.35,37.67,263.64,39.25,0,1,0,0.057
2501,24.54,96.65,27.75,98.25,0,1,0,0.056
2502,312.74,142.41,316.01,144.08,0,0,0,0.059
2503,175.23,24.69,178.46,26.35,0,0,0,0.059
2504,221.03,175.31,224.21,176.83,0,0,0,0.053
2505,129.40,338.92,132.63,340.45,0,1,0,0.054
2506,44.21,70.50,47.44,72.16,0,0,0,0.058
2507,214.58,76.94,217.75,78.59,0,1,0,0.057
2508,319.24,253.86,322.41,255.52,0,0,0,0.058
2509,221.04,37.68,224.32,39.26,0,0,0,0.057
2510,57.34,50.74,60.58,52.35,0,0,0,0.057
2511,208.06,18.04,211.19,19.69,0,0,0,0.057
2512,50.78,155.52,54.06,157.20,0,0,0,0.06
2513,83.48,77.09,86.71,78.79,0,0,0,0.06
2514,214.50,234.14,217.62,235.75,0,0,0,0.055
2515,77.12,312.70,80.27,314.39,0,0,0,0.059
2516,175.33,90.16,178.51,91.69,0,0,0,0.053
2517,11.51,37.73,14.75,39.41,0,0,0,0.06
2518,57.31,181.86,60.47,183.52,0,0,0,0.057
2519,194.94,175.30,198.06,176.98,0,0,0,0.058
2520,194.87,234.12,198.07,235.62,0,0,0,0.053
2521,273.52,207.96,276.75,209.52,0,0,0,0.055
2522,142.40,116.34,145.53,117.90,0,0,0,0.053
2523,201.49,83.66,204.72,85.34,0,0,0,0.059
2524,266.93,332.39,270.08,334.01,0,0,0,0.056
2525,227.61,240.79,230.86,242.48,0,0,0,0.06
2526,122.92,325.77,126.07,327.33,0,1,0,0.054
2527,44.36,286.60,47.54,288.29,0,1,0,0.059
2528,5.00,286.48,8.20,288.02,0,0,0,0.054
2529,37.79,162.08,40.90,163.60,0,0,0,0.052
2530,63.91,188.34,67.16,189.99,0,0,0,0.059
2531,201.34,306.22,204.59,307.76,0,0,0,0.055
2532,293.15,77.05,296.26,78.57,0,1,0,0.052
2533,227.67,63.97,230.83,65.55,0,0,0,0.054
2534,273.55,266.92,276.77,268.54,0,0,0,0.057
2535,221.17,24.67,224.39,26.30,0,0,0,0.057
2536,240.71,214.57,243.96,216.15,0,0,0,0.056
2537,286.53,50.87,289.81,52.50,0,0,0,0.058
2538,96.63,253.73,99.89,255.24,0,0,0,0.054
2539,286.46,286.50,289.72,288.12,0,0,0,0.058
2540,293.02,70.40,296.17,71.96,0,0,0,0.054
2541,70.38,175.34,73.63,177.01,0,0,0,0.059
2542,188.43,129.36,191.58,131.00,0,0,0,0.057
2543,136.02,181.77,139.17,183.27,0,0,0,0.052
2544,135.95,332.42,139.11,333.95,0,1,0,0.053
2545,240.72,57.37,243.88,58.99,0,0,0,0.056
2546,57.48,221.07,60.66,222.62,0,0,0,0.054
2547,155.68,31.13,158.89,32.69,0,1,0,0.055
2548,155.61,109.68,158.75,111.31,0,0,0,0.056
2549,142.41,325.88,145.56,327.52,0,0,0,0.057
